xxxx,xxxx,xxxxx,xxxxx,xxxxx,xxxxx
4001,4001,135.6379,130.3108,0,1.1733
4002,4002,135.6055,129.448,0,1.205
4003,4003,135.5691,130.6868,0,1.1842
4004,4004,135.5327,128.0116,0,1.1863
4005,4005,135.5517,127.1911,0,1.1963
4006,4006,135.6193,127.9724,0,1.1968
4007,4007,135.6365,126.0084,0,1.2152
4008,4008,135.6022,128.2781,0,1.192
4009,4009,135.515,129.7422,0,1.1917
4010,4010,135.5521,129.3143,0,1.163
4011,4011,135.5149,128.3417,0,1.1533
4012,4012,135.4789,128.1308,0,1.2031
4013,4013,135.5231,129.0292,0,1.1785
4014,4014,135.4824,126.9687,0,1.1723
4015,4015,135.5038,126.7235,0,1.1859
4016,4016,135.6056,126.5875,0,1.1946
4017,4017,135.5924,128.1671,0,1.1771
4018,4018,135.5325,129.3382,0,1.1908
4019,4019,135.5628,129.1487,0,1.1779
4020,4020,135.4135,129.4042,0,1.1704
4021,4021,135.5591,127.9456,0,1.1716
4022,4022,135.5931,129.0938,0,1.2137
4023,4023,135.5599,129.5874,0,1.2112
4024,4024,135.5961,127.7139,0,1.1986
4025,4025,135.5876,126.9968,0,1.1845
4026,4026,135.5772,128.1909,0,1.1981
4027,4027,135.564,129.6697,0,1.1832
4028,4028,135.5638,127.9996,0,1.1917
4029,4029,135.5579,127.6003,0,1.1876
4030,4030,135.5662,128.2875,0,1.1884
4031,4031,135.5444,129.9382,0,1.1463
4032,4032,135.4998,130.3262,0,1.2059
4033,4033,135.5193,128.7077,0,1.1977
4034,4034,135.5055,128.1068,0,1.1792
4035,4035,135.5069,129.2279,0,1.1729
4036,4036,135.562,127.7585,0,1.1891
4037,4037,135.5341,129.0809,0,1.1887
4038,4038,135.514,129.1658,0,1.206
4039,4039,135.5943,128.2745,0,1.1746
4040,4040,135.514,127.992,0,1.2022
4041,4041,135.5138,128.9131,0,1.1787
4042,4042,135.5162,127.4041,0,1.204
4043,4043,135.5175,127.9778,0,1.1812
4044,4044,135.5864,129.5445,0,1.1837
4045,4045,135.4922,129.0402,0,1.1658
4046,4046,135.508,128.3404,0,1.1729
4047,4047,135.5566,128.4718,0,1.1757
4048,4048,135.5462,127.3994,0,1.1804
4049,4049,135.5402,129.4233,0,1.1513
4050,4050,135.6098,128.7472,0,1.1738
4051,4051,135.5446,128.0637,0,1.1885
4052,4052,135.5092,128.3889,0,1.1629
4053,4053,135.544,128.036,0,1.1686
4054,4054,135.6598,128.2531,0,1.1778
4055,4055,135.5203,127.3809,0,1.1764
4056,4056,135.5311,127.7348,0,1.2173
4057,4057,135.4863,127.9411,0,1.1821
4058,4058,135.5266,129.6294,0,1.1915
4059,4059,135.4804,128.6797,0,1.1896
4060,4060,135.4985,128.6186,0,1.1827
4061,4061,135.5328,128.2786,0,1.1947
4062,4062,135.4492,128.7399,0,1.2012
4063,4063,135.4894,127.9811,0,1.1807
4064,4064,135.4386,127.0233,0,1.1872
4065,4065,135.4623,129.0418,0,1.1869
4066,4066,135.5183,128.0594,0,1.2116
4067,4067,135.5334,127.5051,0,1.1984
4068,4068,135.5342,130.88,0,1.1949
4069,4069,135.5496,129.5881,0,1.2005
4070,4070,135.4917,128.5131,0,1.1775
4071,4071,135.4807,128.7208,0,1.1907
4072,4072,135.5062,129.5774,0,1.193
4073,4073,135.5288,127.3559,0,1.1902
4074,4074,135.5786,127.0121,0,1.1706
4075,4075,135.5356,128.239,0,1.1833
4076,4076,135.47,127.9563,0,1.1965
4077,4077,135.5743,128.3724,0,1.1787
4078,4078,135.4998,128.1078,0,1.1979
4079,4079,135.5523,127.4259,0,1.2035
4080,4080,135.5187,128.1675,0,1.1659
4081,4081,135.4588,128.3136,0,1.1636
4082,4082,135.5333,127.5964,0,1.1949
4083,4083,135.5633,129.4713,0,1.1786
4084,4084,135.4587,127.4681,0,1.1943
4085,4085,135.5079,127.5082,0,1.2094
4086,4086,135.5827,130.0533,0,1.1904
4087,4087,135.5258,127.963,0,1.1853
4088,4088,135.4759,128.771,0,1.1884
4089,4089,135.5672,127.7502,0,1.1731
4090,4090,135.4391,126.4641,0,1.1914
4091,4091,135.5028,127.4325,0,1.2083
4092,4092,135.585,129.2388,0,1.1763
4093,4093,135.58,126.8793,0,1.1872
4094,4094,135.4974,127.4641,0,1.1679
4095,4095,135.5093,130.2671,0,1.221
4096,4096,135.4859,127.3179,0,1.1967
4097,4097,135.4152,129.2717,0,1.1806
4098,4098,135.5195,129.6906,0,1.1786
4099,4099,135.4597,130.2931,0,1.196
4100,4100,135.4155,128.2744,0,1.1728
4101,4101,135.5608,126.7832,0,1.1799
4102,4102,135.4391,127.6004,0,1.1832
4103,4103,135.4866,128.106,0,1.205
4104,4104,135.3876,127.2563,0,1.1834
4105,4105,135.4594,129.6556,0,1.1845
4106,4106,135.5504,128.2805,0,1.1886
4107,4107,135.4967,128.042,0,1.1826
4108,4108,135.5158,129.6097,0,1.1899
4109,4109,135.5431,128.2198,0,1.1851
4110,4110,135.4992,128.0294,0,1.1875
4111,4111,135.4781,127.8054,0,1.182
4112,4112,135.4356,128.3005,0,1.2056
4113,4113,135.5829,128.2171,0,1.1977
4114,4114,135.5281,128.3296,0,1.1943
4115,4115,135.5596,128.8064,0,1.1835
4116,4116,135.5318,130.4205,0,1.1733
4117,4117,135.5128,127.6504,0,1.176
4118,4118,135.4761,129.0703,0,1.1782
4119,4119,135.4692,128.439,0,1.1797
4120,4120,135.5091,129.9377,0,1.1609
4121,4121,135.5954,131.2701,0,1.1767
4122,4122,135.519,129.0186,0,1.1853
4123,4123,135.4653,128.1705,0,1.1634
4124,4124,135.5484,129.6129,0,1.2016
4125,4125,135.5445,129.6798,0,1.1645
4126,4126,135.4595,128.5098,0,1.1864
4127,4127,135.4221,128.7352,0,1.1847
4128,4128,135.556,127.3865,0,1.1677
4129,4129,135.4618,127.9222,0,1.1688
4130,4130,135.4508,128.4133,0,1.18
4131,4131,135.4354,127.6641,0,1.1933
4132,4132,135.4581,129.3133,0,1.1876
4133,4133,135.3796,127.6069,0,1.1698
4134,4134,135.5287,127.9741,0,1.166
4135,4135,135.5796,127.161,0,1.204
4136,4136,135.4968,129.4744,0,1.1787
4137,4137,135.4556,129.6445,0,1.1887
4138,4138,135.5261,128.7599,0,1.1924
4139,4139,135.4722,127.0097,0,1.1925
4140,4140,135.3766,128.932,0,1.1966
4141,4141,135.4372,129.4524,0,1.2011
4142,4142,135.4415,128.1688,0,1.1754
4143,4143,135.4672,130.9046,0,1.1797
4144,4144,135.4545,127.3396,0,1.1885
4145,4145,135.4599,126.8664,0,1.1918
4146,4146,135.4838,128.1271,0,1.1849
4147,4147,135.4389,127.1431,0,1.1613
4148,4148,135.3975,127.2075,0,1.1791
4149,4149,135.4235,129.219,0,1.203
4150,4150,135.4818,128.3054,0,1.1779
4151,4151,135.4849,128.0779,0,1.1913
4152,4152,135.4772,130.0753,0,1.2156
4153,4153,135.4563,127.723,0,1.1807
4154,4154,135.4652,128.9595,0,1.178
4155,4155,135.445,127.9503,0,1.1868
4156,4156,135.569,127.5853,0,1.1901
4157,4157,135.5083,127.2133,0,1.218
4158,4158,135.4766,129.1135,0,1.1794
4159,4159,135.4864,127.863,0,1.157
4160,4160,135.5353,127.7889,0,1.1852
4161,4161,135.4692,129.9129,0,1.1946
4162,4162,135.442,129.0671,0,1.1979
4163,4163,135.5424,128.801,0,1.1881
4164,4164,135.5129,128.1667,0,1.1782
4165,4165,135.4553,129.7025,0,1.2012
4166,4166,135.3541,127.636,0,1.178
4167,4167,135.4369,128.2351,0,1.1518
4168,4168,135.4873,126.9746,0,1.1729
4169,4169,135.3516,127.4236,0,1.188
4170,4170,135.2289,128.6992,0,1.1821
4171,4171,135.3615,127.5922,0,1.204
4172,4172,135.426,127.3992,0,1.1872
4173,4173,135.4578,127.4386,0,1.1953
4174,4174,135.4789,130.2308,0,1.1596
4175,4175,135.421,130.1478,0,1.1926
4176,4176,135.4688,127.2664,0,1.1806
4177,4177,135.4909,129.314,0,1.1631
4178,4178,135.4286,128.0389,0,1.2096
4179,4179,135.4882,128.9377,0,1.1881
4180,4180,135.4945,127.0765,0,1.1654
4181,4181,135.3586,126.9622,0,1.2085
4182,4182,135.4203,129.0461,0,1.1925
4183,4183,135.5169,128.2443,0,1.1661
4184,4184,135.4754,129.621,0,1.1995
4185,4185,135.4695,131.209,0,1.1826
4186,4186,135.5454,128.0709,0,1.2003
4187,4187,135.4191,129.718,0,1.1646
4188,4188,135.4484,127.3223,0,1.1951
4189,4189,135.4189,127.8125,0,1.1935
4190,4190,135.4727,126.5872,0,1.1944
4191,4191,135.4093,127.1595,0,1.1682
4192,4192,135.4944,128.1639,0,1.163
4193,4193,135.4326,129.9531,0,1.2212
4194,4194,135.4227,127.072,0,1.1988
4195,4195,135.4902,128.0197,0,1.2021
4196,4196,135.3816,128.2278,0,1.1511
4197,4197,135.4336,128.3465,0,1.2052
4198,4198,135.446,129.2998,0,1.174
4199,4199,135.4319,127.1558,0,1.1834
4200,4200,135.5385,129.8199,0,1.1831
4201,4201,135.4612,129.44,0,1.1795
4202,4202,135.3318,129.8366,0,1.1875
4203,4203,135.3833,127.7754,0,1.1746
4204,4204,135.3954,128.1511,0,1.2141
4205,4205,135.4353,127.5735,0,1.1854
4206,4206,135.4516,127.4591,0,1.1752
4207,4207,135.4631,129.4655,0,1.1884
4208,4208,135.4682,130.2957,0,1.1826
4209,4209,135.4123,129.1536,0,1.1777
4210,4210,135.3905,128.3537,0,1.1943
4211,4211,135.3949,128.3932,0,1.1822
4212,4212,135.405,126.3339,0,1.1762
4213,4213,135.4056,127.3667,0,1.1885
4214,4214,135.3982,127.456,0,1.1904
4215,4215,135.5133,128.5198,0,1.1844
4216,4216,135.4375,127.4245,0,1.1757
4217,4217,135.4404,128.2166,0,1.1947
4218,4218,135.4092,128.0483,0,1.1929
4219,4219,135.3616,128.9186,0,1.1897
4220,4220,135.4045,127.2677,0,1.1935
4221,4221,135.4081,130.2394,0,1.1938
4222,4222,135.3597,128.7841,0,1.1814
4223,4223,135.4952,127.9671,0,1.1989
4224,4224,135.3688,129.1586,0,1.1791
4225,4225,135.447,128.4553,0,1.1663
4226,4226,135.5316,128.0081,0,1.1826
4227,4227,135.4933,128.0025,0,1.1656
4228,4228,135.3757,129.4708,0,1.1706
4229,4229,135.4564,128.6766,0,1.1924
4230,4230,135.4903,127.8102,0,1.1736
4231,4231,135.3802,127.4232,0,1.1827
4232,4232,135.4645,127.5834,0,1.2011
4233,4233,135.3424,127.6821,0,1.1779
4234,4234,135.4131,129.9409,0,1.1691
4235,4235,135.357,127.2308,0,1.1699
4236,4236,135.4353,127.4638,0,1.1832
4237,4237,135.3894,129.3411,0,1.1674
4238,4238,135.3614,128.7695,0,1.181
4239,4239,135.4045,128.649,0,1.1663
4240,4240,135.4528,128.2277,0,1.2177
4241,4241,135.4352,127.5495,0,1.1496
4242,4242,135.4818,129.0575,0,1.2011
4243,4243,135.3991,128.9449,0,1.1849
4244,4244,135.3816,127.5601,0,1.1869
4245,4245,135.4917,129.0057,0,1.1982
4246,4246,135.489,128.0713,0,1.1919
4247,4247,135.4893,128.9111,0,1.1799
4248,4248,135.3961,128.9888,0,1.21
4249,4249,135.4739,129.4359,0,1.1843
4250,4250,135.4197,128.3685,0,1.1736
4251,4251,135.4273,127.3885,0,1.2175
4252,4252,135.3816,130.1535,0,1.1968
4253,4253,135.3454,128.0047,0,1.1743
4254,4254,135.469,128.2781,0,1.1974
4255,4255,135.3344,129.705,0,1.1746
4256,4256,135.433,128.8959,0,1.2016
4257,4257,135.387,128.4595,0,1.1818
4258,4258,135.3725,127.2368,0,1.1882
4259,4259,135.4032,128.2013,0,1.1926
4260,4260,135.4786,127.6073,0,1.1872
4261,4261,135.4125,128.0515,0,1.1736
4262,4262,135.4166,126.7613,0,1.2127
4263,4263,135.4298,129.1758,0,1.1776
4264,4264,135.4309,127.5536,0,1.1849
4265,4265,135.4427,127.2388,0,1.2089
4266,4266,135.429,128.4561,0,1.1765
4267,4267,135.3943,128.1323,0,1.1873
4268,4268,135.3403,128.402,0,1.1798
4269,4269,135.3526,129.3152,0,1.1881
4270,4270,135.4775,127.5165,0,1.1708
4271,4271,135.4203,127.9564,0,1.1843
4272,4272,135.4159,128.4284,0,1.1952
4273,4273,135.3657,128.4799,0,1.1895
4274,4274,135.3179,128.5718,0,1.1754
4275,4275,135.437,127.9771,0,1.1786
4276,4276,135.4086,129.4356,0,1.1595
4277,4277,135.3661,127.6931,0,1.1743
4278,4278,135.4284,126.8502,0,1.1658
4279,4279,135.321,128.958,0,1.2079
4280,4280,135.3639,130.9998,0,1.167
4281,4281,135.3318,129.5039,0,1.1925
4282,4282,135.422,128.6549,0,1.1717
4283,4283,135.4036,129.6484,0,1.2097
4284,4284,135.4078,128.4201,0,1.1935
4285,4285,135.3732,129.6063,0,1.1932
4286,4286,135.4211,128.0262,0,1.1927
4287,4287,135.3705,130.1519,0,1.1822
4288,4288,135.3024,128.8165,0,1.1788
4289,4289,135.3141,127.8497,0,1.1828
4290,4290,135.4495,127.9205,0,1.1858
4291,4291,135.4035,129.2109,0,1.1632
4292,4292,135.4301,127.8749,0,1.1679
4293,4293,135.3926,128.5427,0,1.2013
4294,4294,135.4075,127.9057,0,1.1859
4295,4295,135.4183,130.0152,0,1.2027
4296,4296,135.3987,129.3244,0,1.1911
4297,4297,135.4238,129.6832,0,1.1814
4298,4298,135.3805,126.9846,0,1.1721
4299,4299,135.4131,128.2219,0,1.1808
4300,4300,135.4688,129.3377,0,1.1834
4301,4301,135.3694,128.2335,0,1.1573
4302,4302,135.3515,127.6218,0,1.1738
4303,4303,135.4044,129.5012,0,1.1789
4304,4304,135.3161,128.4421,0,1.1746
4305,4305,135.3791,128.6254,0,1.1801
4306,4306,135.2989,127.5881,0,1.2086
4307,4307,135.3664,128.1634,0,1.189
4308,4308,135.4212,129.0714,0,1.1912
4309,4309,135.5077,126.7213,0,1.1661
4310,4310,135.3576,129.0324,0,1.1852
4311,4311,135.4052,128.2977,0,1.1678
4312,4312,135.4351,128.6523,0,1.1924
4313,4313,135.4169,128.015,0,1.1985
4314,4314,135.3999,128.688,0,1.1836
4315,4315,135.4043,127.3013,0,1.1814
4316,4316,135.2425,128.6602,0,1.2039
4317,4317,135.3749,127.4145,0,1.19
4318,4318,135.2939,127.2011,0,1.2064
4319,4319,135.3021,127.2329,0,1.196
4320,4320,135.3313,127.072,0,1.1884
4321,4321,135.453,129.3342,0,1.19
4322,4322,135.2601,126.761,0,1.1933
4323,4323,135.3981,128.9621,0,1.1761
4324,4324,135.4107,129.1125,0,1.1845
4325,4325,135.3927,129.166,0,1.2091
4326,4326,135.4236,127.7447,0,1.1787
4327,4327,135.323,127.1139,0,1.1971
4328,4328,135.4086,127.2632,0,1.1657
4329,4329,135.3438,128.3422,0,1.1669
4330,4330,135.4599,127.6492,0,1.176
4331,4331,135.332,127.939,0,1.183
4332,4332,135.4191,128.4321,0,1.1978
4333,4333,135.3182,129.5377,0,1.1673
4334,4334,135.3662,127.3345,0,1.199
4335,4335,135.3461,127.8277,0,1.1756
4336,4336,135.2515,128.4191,0,1.197
4337,4337,135.334,128.7618,0,1.192
4338,4338,135.3776,129.767,0,1.1681
4339,4339,135.3269,128.8907,0,1.2161
4340,4340,135.4419,127.4954,0,1.1814
4341,4341,135.3579,127.4873,0,1.1957
4342,4342,135.3869,128.567,0,1.1756
4343,4343,135.3503,128.6429,0,1.174
4344,4344,135.3085,128.9218,0,1.1691
4345,4345,135.2817,127.567,0,1.198
4346,4346,135.3255,126.7539,0,1.1938
4347,4347,135.3148,127.1724,0,1.1635
4348,4348,135.3737,126.6671,0,1.1593
4349,4349,135.413,128.133,0,1.1869
4350,4350,135.3307,127.8669,0,1.163
4351,4351,135.3363,130.8512,0,1.1877
4352,4352,135.3627,127.2773,0,1.1877
4353,4353,135.3414,128.1535,0,1.1907
4354,4354,135.3034,127.5062,0,1.1796
4355,4355,135.415,128.7679,0,1.2063
4356,4356,135.3246,128.079,0,1.1941
4357,4357,135.3058,127.5408,0,1.1943
4358,4358,135.3365,128.409,0,1.2084
4359,4359,135.3666,127.2869,0,1.182
4360,4360,135.3414,129.3658,0,1.1524
4361,4361,135.3062,130.0284,0,1.182
4362,4362,135.291,127.5176,0,1.1808
4363,4363,135.399,127.9362,0,1.1869
4364,4364,135.3377,128.3432,0,1.2081
4365,4365,135.4104,130.7279,0,1.1905
4366,4366,135.3025,127.6336,0,1.179
4367,4367,135.243,127.1578,0,1.187
4368,4368,135.3441,130.2333,0,1.1957
4369,4369,135.4068,128.2685,0,1.1803
4370,4370,135.3388,127.151,0,1.1662
4371,4371,135.4192,126.6227,0,1.1901
4372,4372,135.2788,126.5733,0,1.1941
4373,4373,135.3321,128.9332,0,1.1654
4374,4374,135.4251,128.5068,0,1.1562
4375,4375,135.3791,127.1547,0,1.1813
4376,4376,135.3539,128.0269,0,1.1535
4377,4377,135.2703,127.3743,0,1.1806
4378,4378,135.3405,130.0627,0,1.1698
4379,4379,135.3497,127.7809,0,1.1828
4380,4380,135.2605,129.1237,0,1.1828
4381,4381,135.3872,128.2944,0,1.1925
4382,4382,135.3458,127.9014,0,1.1707
4383,4383,135.3669,128.3019,0,1.1815
4384,4384,135.3467,126.4608,0,1.1726
4385,4385,135.3924,127.0791,0,1.1909
4386,4386,135.2568,126.4521,0,1.1726
4387,4387,135.3742,128.6298,0,1.1932
4388,4388,135.3164,128.146,0,1.1669
4389,4389,135.2751,128.7984,0,1.1924
4390,4390,135.4002,128.1857,0,1.179
4391,4391,135.3474,128.0873,0,1.2132
4392,4392,135.3329,128.0717,0,1.1812
4393,4393,135.2909,128.5324,0,1.1547
4394,4394,135.3129,129.1363,0,1.1874
4395,4395,135.2398,128.8855,0,1.1655
4396,4396,135.3368,130.1618,0,1.1766
4397,4397,135.283,128.5351,0,1.1695
4398,4398,135.2946,127.9921,0,1.1901
4399,4399,135.3224,129.1022,0,1.1999
4400,4400,135.3585,130.0304,0,1.1715
4401,4401,135.3257,130.0138,0,1.2002
4402,4402,135.3361,128.4697,0,1.1629
4403,4403,135.2886,127.3757,0,1.1742
4404,4404,135.3348,130.4367,0,1.1696
4405,4405,135.3034,129.9948,0,1.1641
4406,4406,135.275,127.6408,0,1.1923
4407,4407,135.3534,127.9312,0,1.1979
4408,4408,135.2872,129.438,0,1.1987
4409,4409,135.2952,129.8997,0,1.1834
4410,4410,135.2566,128.7911,0,1.2172
4411,4411,135.3425,128.2943,0,1.202
4412,4412,135.3344,130.1835,0,1.1796
4413,4413,135.2778,126.8509,0,1.1835
4414,4414,135.3254,127.4427,0,1.1773
4415,4415,135.2909,131.0942,0,1.1854
4416,4416,135.3067,129.7192,0,1.1928
4417,4417,135.2686,128.0946,0,1.2195
4418,4418,135.3966,127.8544,0,1.2065
4419,4419,135.3648,127.3606,0,1.1898
4420,4420,135.2482,129.0301,0,1.1886
4421,4421,135.325,128.5966,0,1.1967
4422,4422,135.2913,127.6204,0,1.2048
4423,4423,135.2803,127.585,0,1.1717
4424,4424,135.2837,129.9961,0,1.1984
4425,4425,135.3149,127.3114,0,1.1823
4426,4426,135.3049,129.7372,0,1.2032
4427,4427,135.2815,128.6559,0,1.1956
4428,4428,135.2845,127.9272,0,1.1914
4429,4429,135.2549,127.2686,0,1.1609
4430,4430,135.2968,126.9048,0,1.1986
4431,4431,135.3438,126.8444,0,1.1811
4432,4432,135.2618,128.2452,0,1.1944
4433,4433,135.2231,128.7411,0,1.1696
4434,4434,135.3819,126.4202,0,1.1619
4435,4435,135.267,132.3746,0,1.206
4436,4436,135.3106,129.5968,0,1.1882
4437,4437,135.2723,127.3016,0,1.1916
4438,4438,135.3413,129.9709,0,1.2133
4439,4439,135.3693,129.3415,0,1.1741
4440,4440,135.2957,130.1703,0,1.1677
4441,4441,135.2818,128.2611,0,1.2065
4442,4442,135.2281,130.1115,0,1.1834
4443,4443,135.3136,126.6941,0,1.1586
4444,4444,135.2166,128.4308,0,1.185
4445,4445,135.3199,127.7266,0,1.168
4446,4446,135.3336,127.2262,0,1.18
4447,4447,135.3228,127.4449,0,1.2009
4448,4448,135.4045,125.8864,0,1.198
4449,4449,135.2884,129.8165,0,1.1851
4450,4450,135.2283,129.8875,0,1.1977
4451,4451,135.2755,128.092,0,1.1917
4452,4452,135.282,127.7856,0,1.1709
4453,4453,135.2848,128.6286,0,1.1866
4454,4454,135.3343,129.1535,0,1.1831
4455,4455,135.3171,127.914,0,1.1711
4456,4456,135.3358,128.1759,0,1.2053
4457,4457,135.353,127.9995,0,1.1841
4458,4458,135.2572,128.6021,0,1.1694
4459,4459,135.2754,128.8726,0,1.1588
4460,4460,135.3659,127.2843,0,1.1689
4461,4461,135.2134,129.6478,0,1.1972
4462,4462,135.3363,129.2664,0,1.1581
4463,4463,135.3896,127.5233,0,1.149
4464,4464,135.336,128.7219,0,1.1832
4465,4465,135.2757,126.0738,0,1.187
4466,4466,135.2489,127.5207,0,1.1875
4467,4467,135.3506,128.5259,0,1.1676
4468,4468,135.3142,128.4185,0,1.1771
4469,4469,135.2747,127.1927,0,1.1973
4470,4470,135.2802,129.9996,0,1.1768
4471,4471,135.2206,127.6928,0,1.177
4472,4472,135.3015,130.0402,0,1.2047
4473,4473,135.3003,127.4422,0,1.172
4474,4474,135.2339,127.5796,0,1.1736
4475,4475,135.3371,128.0137,0,1.1571
4476,4476,135.2859,129.1203,0,1.1898
4477,4477,135.2333,126.7168,0,1.1995
4478,4478,135.2633,130.4666,0,1.1552
4479,4479,135.2731,127.8512,0,1.1787
4480,4480,135.2536,128.4113,0,1.2032
4481,4481,135.2838,129.7559,0,1.1917
4482,4482,135.2102,129.2819,0,1.1837
4483,4483,135.3099,129.8989,0,1.1827
4484,4484,135.2923,130.3567,0,1.1762
4485,4485,135.2458,130.7739,0,1.1811
4486,4486,135.2543,126.9575,0,1.1839
4487,4487,135.2251,128.7077,0,1.1593
4488,4488,135.3002,128.2415,0,1.1575
4489,4489,135.298,128.4548,0,1.1904
4490,4490,135.243,129.4974,0,1.1764
4491,4491,135.2743,128.4029,0,1.1807
4492,4492,135.1753,128.3198,0,1.1835
4493,4493,135.1995,127.1067,0,1.2142
4494,4494,135.2015,128.2164,0,1.1659
4495,4495,135.3086,127.6448,0,1.1544
4496,4496,135.2637,126.9397,0,1.1928
4497,4497,135.2619,127.9159,0,1.1578
4498,4498,135.2691,127.6167,0,1.1903
4499,4499,135.3003,127.5458,0,1.1878
4500,4500,135.2078,129.1347,0,1.1442
4501,4501,135.2274,128.2718,0,1.1941
4502,4502,135.2998,129.2308,0,1.192
4503,4503,135.2252,128.2532,0,1.178
4504,4504,135.2609,127.8328,0,1.1607
4505,4505,135.2438,127.7686,0,1.1824
4506,4506,135.2396,127.7373,0,1.2094
4507,4507,135.3273,128.4818,0,1.1846
4508,4508,135.298,129.7631,0,1.1871
4509,4509,135.3009,129.3794,0,1.2192
4510,4510,135.1784,128.0656,0,1.1842
4511,4511,135.2766,126.5632,0,1.1643
4512,4512,135.2663,129.0148,0,1.2028
4513,4513,135.2723,129.4314,0,1.175
4514,4514,135.2795,131.0221,0,1.1649
4515,4515,135.2005,129.1597,0,1.1888
4516,4516,135.214,129.4532,0,1.1533
4517,4517,135.2302,127.6116,0,1.1816
4518,4518,135.2916,127.6411,0,1.1633
4519,4519,135.2027,127.0623,0,1.186
4520,4520,135.2533,128.379,0,1.1894
4521,4521,135.2084,127.9933,0,1.1715
4522,4522,135.2736,128.1008,0,1.1941
4523,4523,135.2823,128.4689,0,1.1574
4524,4524,135.2715,127.5635,0,1.2033
4525,4525,135.2534,128.7856,0,1.1708
4526,4526,135.2206,127.0993,0,1.1851
4527,4527,135.2344,130.1404,0,1.1815
4528,4528,135.268,129.2528,0,1.1583
4529,4529,135.2462,128.9396,0,1.1836
4530,4530,135.1768,127.8576,0,1.1952
4531,4531,135.2983,127.547,0,1.1743
4532,4532,135.2363,127.8073,0,1.1865
4533,4533,135.2066,128.0824,0,1.1975
4534,4534,135.2741,128.517,0,1.1878
4535,4535,135.1266,128.0245,0,1.2109
4536,4536,135.276,129.3593,0,1.174
4537,4537,135.247,127.5722,0,1.1839
4538,4538,135.251,127.4784,0,1.2171
4539,4539,135.3173,127.3445,0,1.1958
4540,4540,135.2335,127.4398,0,1.1775
4541,4541,135.2858,127.4774,0,1.1755
4542,4542,135.2219,128.4296,0,1.1602
4543,4543,135.2829,128.5224,0,1.1945
4544,4544,135.1202,130.3034,0,1.1852
4545,4545,135.2522,127.9604,0,1.16
4546,4546,135.2291,128.3974,0,1.2011
4547,4547,135.1909,129.6461,0,1.1883
4548,4548,135.2347,128.8707,0,1.1734
4549,4549,135.2245,128.4043,0,1.1751
4550,4550,135.267,130.3354,0,1.1684
4551,4551,135.1714,128.7968,0,1.1757
4552,4552,135.1906,127.5085,0,1.1906
4553,4553,135.2191,127.8058,0,1.1809
4554,4554,135.3052,128.2254,0,1.209
4555,4555,135.2135,128.0915,0,1.1686
4556,4556,135.2772,129.7678,0,1.1809
4557,4557,135.1815,129.0235,0,1.1998
4558,4558,135.2081,128.3608,0,1.1924
4559,4559,135.2336,127.1259,0,1.1802
4560,4560,135.2726,128.1297,0,1.175
4561,4561,135.174,129.7011,0,1.1892
4562,4562,135.2154,128.9653,0,1.1774
4563,4563,135.2067,127.5747,0,1.1798
4564,4564,135.3026,128.5417,0,1.1736
4565,4565,135.1797,130.1008,0,1.1733
4566,4566,135.2264,127.3955,0,1.1883
4567,4567,135.2226,128.7898,0,1.1923
4568,4568,135.2045,129.2391,0,1.1742
4569,4569,135.216,128.6288,0,1.1929
4570,4570,135.2629,127.3529,0,1.1688
4571,4571,135.2326,130.1571,0,1.1708
4572,4572,135.2453,127.9685,0,1.1835
4573,4573,135.1664,128.3865,0,1.1868
4574,4574,135.1724,128.7779,0,1.2164
4575,4575,135.2069,128.4859,0,1.1703
4576,4576,135.2587,127.9001,0,1.1742
4577,4577,135.2237,127.729,0,1.1752
4578,4578,135.1106,127.7686,0,1.2068
4579,4579,135.2218,130.5512,0,1.1858
4580,4580,135.2266,131.6395,0,1.1817
4581,4581,135.2296,128.7744,0,1.1774
4582,4582,135.2124,129.2366,0,1.2182
4583,4583,135.2128,127.4034,0,1.1876
4584,4584,135.13,128.6538,0,1.1885
4585,4585,135.1833,127.5046,0,1.1887
4586,4586,135.1647,128.8203,0,1.1812
4587,4587,135.3349,129.652,0,1.1742
4588,4588,135.2843,129.3694,0,1.1895
4589,4589,135.2401,129.1597,0,1.1703
4590,4590,135.2371,129.4506,0,1.2086
4591,4591,135.1577,132.5657,0,1.2174
4592,4592,135.2614,129.5843,0,1.1729
4593,4593,135.2446,127.1367,0,1.1869
4594,4594,135.1848,127.72,0,1.1707
4595,4595,135.1897,128.9305,0,1.1787
4596,4596,135.2853,127.3544,0,1.2017
4597,4597,135.206,126.8749,0,1.1982
4598,4598,135.184,128.1765,0,1.1886
4599,4599,135.1567,127.2209,0,1.2036
4600,4600,135.2472,129.7326,0,1.1786
4601,4601,135.2331,127.4015,0,1.1779
4602,4602,135.1835,131.5514,0,1.1977
4603,4603,135.2612,128.631,0,1.1852
4604,4604,135.2279,129.7714,0,1.1748
4605,4605,135.1975,127.6148,0,1.1763
4606,4606,135.1815,126.9918,0,1.1692
4607,4607,135.3126,127.1087,0,1.1741
4608,4608,135.1813,130.7351,0,1.1811
4609,4609,135.135,129.0029,0,1.1974
4610,4610,135.2446,129.9759,0,1.1857
4611,4611,135.1154,127.8829,0,1.2025
4612,4612,135.2301,129.8047,0,1.1752
4613,4613,135.2091,127.4876,0,1.1743
4614,4614,135.2845,126.6961,0,1.192
4615,4615,135.1947,129.6599,0,1.151
4616,4616,135.2456,130.1371,0,1.1949
4617,4617,135.1892,128.52,0,1.2003
4618,4618,135.1136,129.4917,0,1.1879
4619,4619,135.1356,129.2538,0,1.1788
4620,4620,135.1348,127.8371,0,1.1898
4621,4621,135.2642,128.0248,0,1.1903
4622,4622,135.1517,127.6534,0,1.1787
4623,4623,135.1982,127.7176,0,1.1683
4624,4624,135.1497,128.4447,0,1.1686
4625,4625,135.1424,127.6481,0,1.1793
4626,4626,135.2683,128.1504,0,1.1768
4627,4627,135.1389,127.8185,0,1.169
4628,4628,135.1713,126.2125,0,1.1607
4629,4629,135.1756,128.3556,0,1.1931
4630,4630,135.2289,128.8906,0,1.1896
4631,4631,135.2729,129.5213,0,1.1911
4632,4632,135.1934,129.5712,0,1.1779
4633,4633,135.2479,127.5923,0,1.191
4634,4634,135.1867,127.1661,0,1.1663
4635,4635,135.0852,128.6758,0,1.1743
4636,4636,135.2041,126.8446,0,1.1963
4637,4637,135.1945,129.6458,0,1.1874
4638,4638,135.2114,129.9753,0,1.1779
4639,4639,135.1178,126.9708,0,1.2127
4640,4640,135.1509,127.9946,0,1.1756
4641,4641,135.1537,128.8838,0,1.1707
4642,4642,135.1065,128.3796,0,1.1815
4643,4643,135.1466,127.5578,0,1.1962
4644,4644,135.1874,126.7972,0,1.18
4645,4645,135.2434,127.6565,0,1.1936
4646,4646,135.138,127.234,0,1.1912
4647,4647,135.2114,127.7143,0,1.1788
4648,4648,135.2645,127.5183,0,1.1858
4649,4649,135.1364,127.8268,0,1.2141
4650,4650,135.1254,127.1041,0,1.2066
4651,4651,135.2408,128.0079,0,1.1594
4652,4652,135.1675,126.9997,0,1.1917
4653,4653,135.0944,128.0156,0,1.1717
4654,4654,135.2163,126.9424,0,1.1951
4655,4655,135.1696,128.1042,0,1.2017
4656,4656,135.1758,128.02,0,1.1776
4657,4657,135.1715,128.6355,0,1.1562
4658,4658,135.1826,127.2873,0,1.1836
4659,4659,135.1571,126.9186,0,1.1701
4660,4660,135.1942,127.8703,0,1.1901
4661,4661,135.152,128.3872,0,1.181
4662,4662,135.1393,128.5445,0,1.1742
4663,4663,135.1374,129.3993,0,1.1814
4664,4664,135.1631,127.9889,0,1.179
4665,4665,135.1465,128.239,0,1.1789
4666,4666,135.1958,129.0186,0,1.1871
4667,4667,135.0894,128.2569,0,1.1504
4668,4668,135.1859,127.7312,0,1.1334
4669,4669,135.1741,128.4197,0,1.1806
4670,4670,135.2272,127.4676,0,1.2002
4671,4671,135.2487,127.5465,0,1.1848
4672,4672,135.1418,131.398,0,1.1737
4673,4673,135.1227,127.8167,0,1.197
4674,4674,135.2062,130.4166,0,1.1986
4675,4675,135.1862,130.2494,0,1.1903
4676,4676,135.2136,129.7123,0,1.1996
4677,4677,135.1469,127.985,0,1.1929
4678,4678,135.1744,127.6437,0,1.1744
4679,4679,135.1197,128.4674,0,1.1586
4680,4680,135.1094,127.9131,0,1.194
4681,4681,135.0943,127.0531,0,1.1931
4682,4682,135.2337,127.4403,0,1.193
4683,4683,135.195,127.2679,0,1.1708
4684,4684,135.1978,130.372,0,1.1632
4685,4685,135.1576,128.2823,0,1.1717
4686,4686,135.1903,128.4547,0,1.177
4687,4687,135.2222,131.1134,0,1.1645
4688,4688,135.1837,128.4658,0,1.1657
4689,4689,135.2323,127.8271,0,1.2165
4690,4690,135.1526,128.186,0,1.1686
4691,4691,135.1533,126.986,0,1.1811
4692,4692,135.1803,129.3599,0,1.2046
4693,4693,135.1985,129.3578,0,1.1756
4694,4694,135.1967,128.8152,0,1.2066
4695,4695,135.1562,130.3885,0,1.2055
4696,4696,135.2047,129.1515,0,1.1823
4697,4697,135.1979,129.3007,0,1.1913
4698,4698,135.1089,129.0618,0,1.2081
4699,4699,135.1404,128.6488,0,1.1864
4700,4700,135.2202,132.2713,0,1.1675
4701,4701,135.1773,128.2504,0,1.1907
4702,4702,135.1983,128.009,0,1.1692
4703,4703,135.0703,127.8957,0,1.1514
4704,4704,135.1684,127.1082,0,1.164
4705,4705,135.1644,129.0944,0,1.1882
4706,4706,135.0691,128.9336,0,1.1729
4707,4707,135.0864,126.8208,0,1.1721
4708,4708,135.0908,126.6546,0,1.2004
4709,4709,135.1294,129.207,0,1.1867
4710,4710,135.1865,128.9941,0,1.197
4711,4711,135.1265,127.284,0,1.1796
4712,4712,135.0796,127.0682,0,1.1721
4713,4713,135.1142,128.9234,0,1.1812
4714,4714,135.1464,127.9107,0,1.171
4715,4715,135.143,126.6766,0,1.1796
4716,4716,135.1608,128.8648,0,1.1773
4717,4717,135.207,128.4229,0,1.1966
4718,4718,135.1303,129.2729,0,1.207
4719,4719,135.1151,128.6871,0,1.1976
4720,4720,135.0641,129.2088,0,1.1481
4721,4721,135.0873,128.1351,0,1.1728
4722,4722,135.177,126.9903,0,1.1851
4723,4723,135.1623,128.9383,0,1.1717
4724,4724,135.2393,126.5972,0,1.2068
4725,4725,135.1821,128.9064,0,1.1885
4726,4726,135.1923,127.8433,0,1.1529
4727,4727,135.1999,127.0979,0,1.1924
4728,4728,135.1595,128.2038,0,1.1992
4729,4729,135.119,128.0612,0,1.1741
4730,4730,135.0675,127.8562,0,1.1618
4731,4731,135.1235,127.505,0,1.177
4732,4732,135.1343,128.5479,0,1.1802
4733,4733,135.1977,128.3429,0,1.1655
4734,4734,135.1439,126.6086,0,1.209
4735,4735,135.1517,126.5857,0,1.1944
4736,4736,135.054,129.3003,0,1.1768
4737,4737,135.1368,130.0109,0,1.1746
4738,4738,135.1784,129.0149,0,1.1811
4739,4739,135.1547,128.5209,0,1.1747
4740,4740,135.1774,129.3748,0,1.1737
4741,4741,135.1066,128.06,0,1.1936
4742,4742,135.1099,126.0616,0,1.191
4743,4743,135.1164,128.4141,0,1.1952
4744,4744,135.0471,129.0644,0,1.206
4745,4745,135.1121,127.0238,0,1.1923
4746,4746,135.0902,129.272,0,1.1859
4747,4747,135.1066,127.9029,0,1.2109
4748,4748,135.0812,128.3815,0,1.1938
4749,4749,135.2024,128.4746,0,1.2028
4750,4750,135.1592,128.0904,0,1.1936
4751,4751,135.196,128.5645,0,1.1669
4752,4752,135.0855,128.4166,0,1.1612
4753,4753,135.1434,127.3436,0,1.1724
4754,4754,135.1307,127.9455,0,1.1876
4755,4755,135.0255,126.7633,0,1.1976
4756,4756,135.0606,126.6513,0,1.1698
4757,4757,135.0947,126.6637,0,1.1962
4758,4758,135.1414,126.2508,0,1.1949
4759,4759,135.0994,128.926,0,1.1998
4760,4760,135.0525,129.3745,0,1.1883
4761,4761,135.0935,128.0706,0,1.1832
4762,4762,135.0876,128.3187,0,1.1826
4763,4763,134.9692,126.7362,0,1.1599
4764,4764,135.1031,129.3941,0,1.2182
4765,4765,135.0881,128.7228,0,1.1863
4766,4766,135.0672,128.7474,0,1.1789
4767,4767,135.1566,127.2308,0,1.1667
4768,4768,135.0423,127.7932,0,1.1761
4769,4769,135.1192,129.972,0,1.1871
4770,4770,135.0818,128.2961,0,1.185
4771,4771,135.014,128.3892,0,1.1997
4772,4772,135.1118,128.3294,0,1.1884
4773,4773,135.1043,129.6397,0,1.1797
4774,4774,135.0155,128.0181,0,1.1615
4775,4775,135.0714,128.2999,0,1.1904
4776,4776,135.0898,128.6967,0,1.1923
4777,4777,135.1392,129.727,0,1.2016
4778,4778,134.992,128.0667,0,1.168
4779,4779,135.1224,129.141,0,1.1778
4780,4780,135.0975,126.8182,0,1.199
4781,4781,135.0225,127.862,0,1.1836
4782,4782,135.1106,126.7804,0,1.1783
4783,4783,135.1525,128.9993,0,1.1953
4784,4784,135.0655,127.9914,0,1.1899
4785,4785,135.0639,126.8903,0,1.1434
4786,4786,135.138,126.3429,0,1.1971
4787,4787,135.1859,125.7595,0,1.1503
4788,4788,135.0878,126.8468,0,1.177
4789,4789,135.1627,129.4599,0,1.1847
4790,4790,135.1487,127.9998,0,1.1752
4791,4791,135.0687,128.0333,0,1.1616
4792,4792,135.0436,127.7917,0,1.1919
4793,4793,135.1239,130.0685,0,1.2009
4794,4794,135.1478,127.4124,0,1.1577
4795,4795,135.1381,128.7387,0,1.1766
4796,4796,135.0209,127.6786,0,1.1619
4797,4797,135.0647,128.9632,0,1.177
4798,4798,135.1783,126.9584,0,1.1869
4799,4799,135.1577,127.1566,0,1.1536
4800,4800,135.1256,131.5468,0,1.202
4801,4801,135.037,128.0251,0,1.1877
4802,4802,135.1468,125.7024,0,1.1877
4803,4803,135.0843,127.2279,0,1.177
4804,4804,135.1131,128.8767,0,1.2059
4805,4805,135.1222,129.0102,0,1.2106
4806,4806,135.0883,129.5975,0,1.1891
4807,4807,135.0006,129.5913,0,1.1897
4808,4808,135.008,126.2216,0,1.1771
4809,4809,135.0295,127.475,0,1.1957
4810,4810,135.152,128.3924,0,1.166
4811,4811,135.1027,127.5157,0,1.1878
4812,4812,135.119,126.6934,0,1.2031
4813,4813,135.0891,129.7887,0,1.1956
4814,4814,135.1302,127.4992,0,1.1961
4815,4815,135.106,126.8712,0,1.1648
4816,4816,135.1232,127.5556,0,1.1815
4817,4817,135.0673,128.7695,0,1.1574
4818,4818,135.1556,128.2744,0,1.209
4819,4819,135.0976,129.5538,0,1.1925
4820,4820,135.1652,128.2495,0,1.1533
4821,4821,135.1102,127.1769,0,1.1741
4822,4822,135.0819,128.2125,0,1.1968
4823,4823,135.0827,127.6181,0,1.19
4824,4824,135.1191,129.113,0,1.2077
4825,4825,135.0876,128.5971,0,1.1673
4826,4826,135.1265,126.4597,0,1.1749
4827,4827,135.0856,126.9734,0,1.1586
4828,4828,135.1205,127.6686,0,1.1664
4829,4829,135.0301,129.1885,0,1.1761
4830,4830,135.1412,128.4062,0,1.198
4831,4831,135.043,126.8001,0,1.1775
4832,4832,135.1494,128.1059,0,1.1772
4833,4833,135.0061,128.0285,0,1.1963
4834,4834,135.1405,127.9962,0,1.1905
4835,4835,135.0088,127.3304,0,1.1732
4836,4836,135.0879,127.5312,0,1.171
4837,4837,135.0745,127.0917,0,1.1768
4838,4838,135.1198,128.3078,0,1.1889
4839,4839,135.1234,127.1001,0,1.1846
4840,4840,135.0673,128.2101,0,1.1898
4841,4841,135.1132,128.6624,0,1.1871
4842,4842,134.9562,127.8095,0,1.2193
4843,4843,135.0503,128.7119,0,1.1925
4844,4844,135.0747,128.6369,0,1.1951
4845,4845,135.0526,128.3371,0,1.2028
4846,4846,135.0859,128.3361,0,1.1808
4847,4847,135.0452,128.2426,0,1.1705
4848,4848,135.0301,128.6758,0,1.1794
4849,4849,135.0347,127.57,0,1.1574
4850,4850,135.0247,128.4069,0,1.183
4851,4851,135.1223,127.494,0,1.1821
4852,4852,135.0834,128.9477,0,1.1914
4853,4853,135.098,126.7455,0,1.1907
4854,4854,135.0812,129.275,0,1.1893
4855,4855,135.0476,128.2416,0,1.1539
4856,4856,135.1016,126.6692,0,1.1912
4857,4857,135.0129,128.9526,0,1.1894
4858,4858,135.0255,126.7882,0,1.1978
4859,4859,135.0789,128.3835,0,1.2131
4860,4860,135.0889,128.8884,0,1.1769
4861,4861,135.0984,128.5492,0,1.2
4862,4862,135.0816,126.8632,0,1.1634
4863,4863,135.1155,129.0672,0,1.1897
4864,4864,135.0555,126.6825,0,1.19
4865,4865,135.0673,128.3493,0,1.186
4866,4866,135.1366,127.4287,0,1.1782
4867,4867,135.0784,125.722,0,1.2097
4868,4868,135.0441,128.9528,0,1.1856
4869,4869,135.1937,130.3211,0,1.197
4870,4870,135.0239,127.796,0,1.1984
4871,4871,134.9826,129.5623,0,1.1497
4872,4872,135.0652,128.192,0,1.1933
4873,4873,135.0369,128.9814,0,1.1679
4874,4874,135.0914,128.3007,0,1.1627
4875,4875,135.0363,126.7429,0,1.1718
4876,4876,135.0735,126.7845,0,1.2015
4877,4877,134.9626,126.2896,0,1.166
4878,4878,135.0011,126.5896,0,1.1793
4879,4879,135.0806,129.1413,0,1.1862
4880,4880,135.0957,128.5315,0,1.1766
4881,4881,135.078,128.1056,0,1.1893
4882,4882,135.0195,129.6838,0,1.1677
4883,4883,135.1376,127.8849,0,1.1752
4884,4884,135.0216,127.3997,0,1.1627
4885,4885,135.0167,127.1096,0,1.203
4886,4886,135.0644,130.0231,0,1.1878
4887,4887,135.0745,129.1963,0,1.2041
4888,4888,135.0552,129.28,0,1.1616
4889,4889,135.0581,128.8669,0,1.1755
4890,4890,135.0813,129.3145,0,1.1748
4891,4891,134.9757,127.875,0,1.1808
4892,4892,134.9975,129.3065,0,1.1822
4893,4893,135.0602,127.9326,0,1.1942
4894,4894,135.0182,128.4587,0,1.1781
4895,4895,135.059,129.6538,0,1.1843
4896,4896,134.988,129.4909,0,1.1787
4897,4897,135.1146,129.4412,0,1.1872
4898,4898,135.0136,128.971,0,1.182
4899,4899,135.0052,128.9151,0,1.1708
4900,4900,135.0263,127.6283,0,1.19
4901,4901,135.0468,128.4894,0,1.1714
4902,4902,135.0177,127.5143,0,1.2384
4903,4903,135.0111,130.342,0,1.1697
4904,4904,135.0166,126.5743,0,1.2008
4905,4905,135.0692,129.4171,0,1.1738
4906,4906,135.0876,128.5487,0,1.1909
4907,4907,135.0855,128.7736,0,1.1916
4908,4908,135.0559,127.2963,0,1.1893
4909,4909,135.0861,128.4133,0,1.1826
4910,4910,135.0795,127.8548,0,1.1896
4911,4911,135.0158,129.4102,0,1.1881
4912,4912,134.9882,127.6529,0,1.1883
4913,4913,135.0263,127.3205,0,1.205
4914,4914,135.037,126.6218,0,1.1628
4915,4915,134.985,127.8987,0,1.1592
4916,4916,135.0187,128.9436,0,1.1988
4917,4917,135.0883,126.9975,0,1.1886
4918,4918,134.993,128.7045,0,1.1987
4919,4919,134.9906,128.1287,0,1.1964
4920,4920,134.963,127.6284,0,1.1857
4921,4921,135.0429,129.609,0,1.2012
4922,4922,135.0222,128.1435,0,1.1931
4923,4923,135.0466,128.0692,0,1.1916
4924,4924,134.9924,127.736,0,1.1767
4925,4925,135.033,128.2061,0,1.181
4926,4926,135.1323,129.5865,0,1.208
4927,4927,135.0815,129.0169,0,1.1965
4928,4928,135.0148,127.9392,0,1.1864
4929,4929,135.0534,126.4185,0,1.1674
4930,4930,134.9689,128.6226,0,1.1965
4931,4931,134.994,128.1205,0,1.1636
4932,4932,135.0126,128.2201,0,1.1809
4933,4933,135.1501,125.9701,0,1.1747
4934,4934,134.9129,127.2294,0,1.1828
4935,4935,135.0155,129.4252,0,1.1702
4936,4936,134.9925,127.7046,0,1.2075
4937,4937,135.011,130.3924,0,1.1694
4938,4938,134.9705,127.194,0,1.1564
4939,4939,135.0887,129.4357,0,1.1805
4940,4940,135.0646,128.3064,0,1.2235
4941,4941,134.8946,127.723,0,1.1736
4942,4942,135.035,129.3502,0,1.1976
4943,4943,135.0359,128.0334,0,1.1822
4944,4944,135.0906,127.2933,0,1.1999
4945,4945,135.0543,128.5471,0,1.1757
4946,4946,135.0418,127.5229,0,1.1928
4947,4947,135.0377,127.5636,0,1.1622
4948,4948,135.0384,127.2725,0,1.1898
4949,4949,135.0473,127.3218,0,1.194
4950,4950,135.042,127.4677,0,1.182
4951,4951,135.0355,128.2108,0,1.1746
4952,4952,134.9226,128.5105,0,1.1724
4953,4953,134.9872,128.642,0,1.1849
4954,4954,135.0592,127.5512,0,1.1849
4955,4955,135.047,129.3128,0,1.2095
4956,4956,135.0187,128.8499,0,1.1857
4957,4957,134.9572,128.2411,0,1.2015
4958,4958,134.9893,128.2957,0,1.1595
4959,4959,134.972,128.5321,0,1.1774
4960,4960,135.0467,128.7986,0,1.1901
4961,4961,134.9891,128.2911,0,1.1601
4962,4962,134.9828,127.015,0,1.1785
4963,4963,135.0671,129.0503,0,1.1832
4964,4964,134.9816,128.662,0,1.1682
4965,4965,135.0535,128.0112,0,1.2118
4966,4966,134.9673,128.1522,0,1.1817
4967,4967,134.9468,128.0382,0,1.157
4968,4968,134.9797,126.8016,0,1.1882
4969,4969,135.0056,125.9144,0,1.1517
4970,4970,134.999,130.0048,0,1.191
4971,4971,134.9622,129.9208,0,1.1818
4972,4972,134.9677,129.2432,0,1.2107
4973,4973,135.0806,127.4855,0,1.2091
4974,4974,134.991,128.1467,0,1.157
4975,4975,134.9574,128.9722,0,1.1638
4976,4976,134.9777,128.6893,0,1.1751
4977,4977,134.9852,127.7999,0,1.185
4978,4978,135.0198,128.1035,0,1.1727
4979,4979,134.9977,128.8179,0,1.1894
4980,4980,134.9841,128.12,0,1.1784
4981,4981,134.9492,130.2418,0,1.1959
4982,4982,134.9997,129.3282,0,1.1758
4983,4983,134.9464,127.2734,0,1.1733
4984,4984,134.92,128.9455,0,1.1764
4985,4985,134.9759,127.1658,0,1.1954
4986,4986,135.0623,127.1559,0,1.1915
4987,4987,134.9628,128.7149,0,1.182
4988,4988,135.0367,127.4251,0,1.1776
4989,4989,135.0528,127.2693,0,1.179
4990,4990,135.0504,128.4932,0,1.192
4991,4991,135.0456,130.5265,0,1.1791
4992,4992,134.8975,127.3229,0,1.214
4993,4993,134.9353,128.812,0,1.1892
4994,4994,134.9724,126.6903,0,1.1991
4995,4995,135.0048,126.6072,0,1.1789
4996,4996,135.0713,127.0267,0,1.1962
4997,4997,134.9985,129.9453,0,1.1758
4998,4998,134.8943,128.3808,0,1.1722
4999,4999,135.0326,129.961,0,1.178
5000,5000,134.9531,129.4911,0,1.1588
5001,5001,134.9794,129.0008,0,1.1939
5002,5002,134.9228,128.0182,0,1.1803
5003,5003,135.0236,129.6747,0,1.1829
5004,5004,135.0209,127.5258,0,1.1863
5005,5005,134.9849,128.757,0,1.1769
5006,5006,135.0411,127.101,0,1.1774
5007,5007,135.0451,129.2734,0,1.1936
5008,5008,134.931,127.9794,0,1.1882
5009,5009,135.0401,127.9103,0,1.1849
5010,5010,134.9718,128.5463,0,1.1725
5011,5011,135.0679,127.4098,0,1.1802
5012,5012,135.0384,127.9599,0,1.1762
5013,5013,134.9229,130.7199,0,1.1738
5014,5014,134.9217,128.6145,0,1.1758
5015,5015,134.955,128.3794,0,1.1982
5016,5016,135.0631,126.6463,0,1.1797
5017,5017,134.9184,128.1588,0,1.1556
5018,5018,134.9466,129.029,0,1.1873
5019,5019,135.0097,128.4663,0,1.2208
5020,5020,135.0629,126.811,0,1.1798
5021,5021,134.9825,127.9855,0,1.2093
5022,5022,134.9706,127.477,0,1.1753
5023,5023,134.8888,129.072,0,1.2016
5024,5024,135.0977,127.4618,0,1.1661
5025,5025,134.9447,127.5847,0,1.1843
5026,5026,134.9358,128.9562,0,1.2131
5027,5027,134.8827,129.7683,0,1.2069
5028,5028,134.9123,128.3258,0,1.1803
5029,5029,134.9319,128.8442,0,1.1832
5030,5030,134.9868,127.3848,0,1.1831
5031,5031,134.9551,126.5623,0,1.1778
5032,5032,134.9556,126.9791,0,1.1808
5033,5033,134.9976,126.9872,0,1.1836
5034,5034,134.9542,130.2441,0,1.1546
5035,5035,134.932,128.6913,0,1.1946
5036,5036,134.9871,128.3222,0,1.206
5037,5037,134.9257,129.1447,0,1.1692
5038,5038,135.007,128.0061,0,1.1718
5039,5039,134.9606,128.7338,0,1.1585
5040,5040,134.9252,127.778,0,1.1701
5041,5041,135.0286,127.1572,0,1.1628
5042,5042,135.0031,128.6485,0,1.1968
5043,5043,135.0115,127.8136,0,1.1829
5044,5044,134.9038,127.293,0,1.1812
5045,5045,135.0333,130.0453,0,1.1663
5046,5046,135.0423,127.8994,0,1.1518
5047,5047,134.9204,128.6234,0,1.1864
5048,5048,134.9494,127.3089,0,1.1755
5049,5049,135.0091,131.2358,0,1.1717
5050,5050,134.9898,129.6796,0,1.206
5051,5051,135.035,128.5626,0,1.2272
5052,5052,135.0278,128.0534,0,1.164
5053,5053,135.0923,129.0125,0,1.1816
5054,5054,134.9402,128.8924,0,1.1581
5055,5055,134.9996,129.0101,0,1.1704
5056,5056,135.0992,127.5026,0,1.2107
5057,5057,135.0029,127.3748,0,1.1854
5058,5058,135.0033,128.8071,0,1.1681
5059,5059,134.9256,128.5709,0,1.1831
5060,5060,135.0619,127.0824,0,1.1705
5061,5061,135.0408,128.5108,0,1.1553
5062,5062,134.9481,128.0495,0,1.1684
5063,5063,134.9634,129.0363,0,1.1597
5064,5064,134.9569,129.219,0,1.1903
5065,5065,134.969,129.6334,0,1.193
5066,5066,134.9564,127.1212,0,1.1818
5067,5067,134.9552,127.706,0,1.1892
5068,5068,134.9977,128.064,0,1.1789
5069,5069,135.0127,127.7716,0,1.199
5070,5070,134.9988,127.7424,0,1.2054
5071,5071,134.9671,130.3127,0,1.1917
5072,5072,134.9642,127.8315,0,1.1937
5073,5073,134.9809,128.584,0,1.2302
5074,5074,135.0723,129.3869,0,1.1701
5075,5075,134.9215,127.0078,0,1.2025
5076,5076,134.8473,126.9719,0,1.1647
5077,5077,135.0413,129.1964,0,1.1817
5078,5078,134.9779,128.1463,0,1.1907
5079,5079,134.959,127.5066,0,1.2087
5080,5080,134.8855,128.1362,0,1.213
5081,5081,134.9857,126.9518,0,1.1859
5082,5082,134.9442,128.0994,0,1.1678
5083,5083,135.0394,126.7126,0,1.1949
5084,5084,134.9813,128.866,0,1.1542
5085,5085,134.9276,129.3986,0,1.1664
5086,5086,134.9443,129.1875,0,1.166
5087,5087,134.9745,127.7187,0,1.1784
5088,5088,135.0136,129.8352,0,1.1704
5089,5089,134.9946,127.0856,0,1.1892
5090,5090,134.9796,127.3042,0,1.201
5091,5091,134.9316,128.5963,0,1.1752
5092,5092,134.9559,127.5618,0,1.1769
5093,5093,134.9407,128.2684,0,1.1605
5094,5094,134.8724,127.7525,0,1.1972
5095,5095,134.9418,131.1644,0,1.1904
5096,5096,134.9615,127.9024,0,1.187
5097,5097,134.8984,129.7245,0,1.1804
5098,5098,134.903,128.5054,0,1.1896
5099,5099,134.927,127.5654,0,1.1827
5100,5100,134.9401,126.8622,0,1.1899
5101,5101,134.876,129.8308,0,1.1686
5102,5102,134.9727,129.3124,0,1.1815
5103,5103,134.8448,127.442,0,1.1722
5104,5104,134.9774,127.5141,0,1.1866
5105,5105,134.932,128.6825,0,1.1863
5106,5106,135.0044,127.234,0,1.169
5107,5107,135.0158,126.7496,0,1.1842
5108,5108,135.0207,126.3863,0,1.1778
5109,5109,134.953,127.8344,0,1.1881
5110,5110,134.9873,127.8729,0,1.1809
5111,5111,134.9196,127.5855,0,1.2025
5112,5112,134.9187,127.2914,0,1.1963
5113,5113,134.9264,126.5988,0,1.195
5114,5114,134.9966,127.5785,0,1.2141
5115,5115,135.028,129.6546,0,1.1626
5116,5116,134.9417,126.4932,0,1.1937
5117,5117,134.9815,128.7668,0,1.1551
5118,5118,134.9231,126.5701,0,1.1658
5119,5119,135.0226,128.241,0,1.1703
5120,5120,134.8486,127.3621,0,1.1921
5121,5121,134.8801,127.9869,0,1.1958
5122,5122,134.947,128.5638,0,1.1932
5123,5123,134.9535,127.7373,0,1.1862
5124,5124,135.0481,127.4747,0,1.1739
5125,5125,134.8891,128.3637,0,1.1849
5126,5126,134.8995,128.4317,0,1.1673
5127,5127,134.9559,128.21,0,1.1775
5128,5128,135.0478,128.5732,0,1.1511
5129,5129,134.8616,128.3426,0,1.1914
5130,5130,134.9278,129.8978,0,1.1708
5131,5131,134.8702,127.709,0,1.1699
5132,5132,134.9544,127.1378,0,1.1754
5133,5133,134.9406,129.7982,0,1.171
5134,5134,134.9615,129.0746,0,1.174
5135,5135,134.9635,126.9685,0,1.1796
5136,5136,134.9119,129.898,0,1.1863
5137,5137,134.9478,130.3996,0,1.2103
5138,5138,134.9284,128.9986,0,1.191
5139,5139,134.8139,126.6517,0,1.1575
5140,5140,134.8678,129.0046,0,1.1805
5141,5141,134.8973,126.7784,0,1.1953
5142,5142,134.908,127.2348,0,1.187
5143,5143,134.961,128.5805,0,1.1951
5144,5144,134.9405,129.8054,0,1.1763
5145,5145,134.9634,129.1055,0,1.2075
5146,5146,134.8784,127.5388,0,1.1825
5147,5147,134.8698,126.9637,0,1.2009
5148,5148,134.8681,128.474,0,1.1722
5149,5149,134.836,127.1786,0,1.1577
5150,5150,134.924,127.4076,0,1.1759
5151,5151,134.9436,130.0626,0,1.1714
5152,5152,134.9268,128.8178,0,1.157
5153,5153,134.867,126.5766,0,1.1976
5154,5154,135.0197,126.7366,0,1.2172
5155,5155,134.9413,127.6137,0,1.1821
5156,5156,134.9707,127.4504,0,1.1889
5157,5157,134.8498,126.6361,0,1.16
5158,5158,134.8517,129.1553,0,1.165
5159,5159,134.9334,129.0332,0,1.1886
5160,5160,134.9126,129.6437,0,1.1573
5161,5161,134.903,129.8954,0,1.1806
5162,5162,134.9031,126.6696,0,1.1727
5163,5163,134.8905,127.1155,0,1.1715
5164,5164,134.8537,127.2955,0,1.2009
5165,5165,134.8388,127.214,0,1.1861
5166,5166,134.895,127.9495,0,1.1844
5167,5167,134.9424,128.1993,0,1.1934
5168,5168,134.8585,127.9051,0,1.1809
5169,5169,134.9731,127.162,0,1.1814
5170,5170,134.8554,128.1089,0,1.1915
5171,5171,134.9043,126.4836,0,1.2107
5172,5172,134.818,130.8094,0,1.1793
5173,5173,134.9333,129.2473,0,1.1874
5174,5174,134.9516,126.9411,0,1.2002
5175,5175,134.9235,128.8651,0,1.1616
5176,5176,134.9174,126.6232,0,1.1834
5177,5177,134.823,126.9909,0,1.1654
5178,5178,134.8633,127.1956,0,1.1928
5179,5179,134.8997,126.9327,0,1.1976
5180,5180,134.8927,125.9447,0,1.1732
5181,5181,134.9611,130.7938,0,1.1783
5182,5182,134.8256,129.5015,0,1.1835
5183,5183,134.8625,127.3211,0,1.181
5184,5184,134.9046,129.0274,0,1.2057
5185,5185,134.9158,129.4129,0,1.1973
5186,5186,134.8273,131.8273,0,1.1702
5187,5187,134.9388,127.732,0,1.2049
5188,5188,134.8333,128.8708,0,1.1965
5189,5189,134.8649,125.6419,0,1.1708
5190,5190,134.9085,127.3615,0,1.208
5191,5191,134.9406,129.1676,0,1.1773
5192,5192,134.8072,129.7182,0,1.1659
5193,5193,134.9298,129.3729,0,1.1819
5194,5194,134.9254,127.3426,0,1.1622
5195,5195,134.852,129.1661,0,1.1696
5196,5196,134.9435,129.0779,0,1.1942
5197,5197,134.84,126.7669,0,1.1786
5198,5198,134.9097,129.9735,0,1.2019
5199,5199,134.8719,130.3609,0,1.2097
5200,5200,134.9206,127.4343,0,1.1897
5201,5201,134.8909,127.2996,0,1.1863
5202,5202,134.9531,131.302,0,1.1869
5203,5203,134.9281,127.4573,0,1.1974
5204,5204,134.9749,129.2066,0,1.1611
5205,5205,134.8689,127.8997,0,1.1545
5206,5206,134.8977,128.4898,0,1.178
5207,5207,134.9611,128.7521,0,1.1585
5208,5208,134.923,129.214,0,1.2158
5209,5209,134.8898,128.2604,0,1.1759
5210,5210,134.9239,127.3923,0,1.1876
5211,5211,134.9497,128.4382,0,1.1661
5212,5212,134.8591,127.4058,0,1.1575
5213,5213,134.8634,128.9379,0,1.1691
5214,5214,134.9449,127.917,0,1.1869
5215,5215,134.925,128.4544,0,1.1692
5216,5216,134.8577,129.2395,0,1.178
5217,5217,134.924,129.0579,0,1.2003
5218,5218,134.9467,129.0286,0,1.1915
5219,5219,134.9373,127.2295,0,1.1805
5220,5220,134.8909,127.1058,0,1.1884
5221,5221,134.7825,128.6307,0,1.1801
5222,5222,134.8365,129.1497,0,1.162
5223,5223,134.9694,129.9153,0,1.1939
5224,5224,134.9195,128.7912,0,1.1958
5225,5225,134.8568,131.0699,0,1.2129
5226,5226,134.8371,128.5369,0,1.175
5227,5227,134.9035,128.781,0,1.2019
5228,5228,134.7705,129.1516,0,1.1804
5229,5229,134.8174,128.3449,0,1.1766
5230,5230,134.9941,128.0696,0,1.1888
5231,5231,134.8644,126.9065,0,1.1989
5232,5232,134.9325,128.3823,0,1.1741
5233,5233,134.8538,127.3423,0,1.1744
5234,5234,134.8473,128.7978,0,1.2191
5235,5235,134.8269,127.804,0,1.1756
5236,5236,134.8586,128.2373,0,1.1747
5237,5237,134.92,127.3891,0,1.1812
5238,5238,134.8383,127.6601,0,1.1789
5239,5239,134.8549,129.409,0,1.1842
5240,5240,134.9037,127.3623,0,1.1757
5241,5241,134.8368,129.1199,0,1.2022
5242,5242,134.8223,126.9166,0,1.1684
5243,5243,134.8563,127.9012,0,1.1872
5244,5244,134.8638,128.9127,0,1.1671
5245,5245,134.8927,128.1228,0,1.181
5246,5246,134.8229,129.3102,0,1.1827
5247,5247,134.8942,128.1097,0,1.1635
5248,5248,134.9085,128.6845,0,1.2062
5249,5249,134.862,129.4882,0,1.1853
5250,5250,134.8777,129.2925,0,1.1824
5251,5251,134.8631,127.3352,0,1.1605
5252,5252,134.8795,126.9507,0,1.1882
5253,5253,134.8502,127.3886,0,1.2116
5254,5254,134.8782,127.0875,0,1.1624
5255,5255,134.8902,127.461,0,1.187
5256,5256,134.9305,128.5207,0,1.1568
5257,5257,134.8966,129.1572,0,1.1621
5258,5258,134.8288,128.303,0,1.1796
5259,5259,134.8451,128.4821,0,1.1571
5260,5260,134.8803,126.9715,0,1.1758
5261,5261,134.8073,127.4991,0,1.1786
5262,5262,134.8112,130.6167,0,1.1827
5263,5263,134.8853,128.9104,0,1.1474
5264,5264,134.8292,127.8425,0,1.159
5265,5265,134.897,126.533,0,1.1529
5266,5266,134.9088,129.0151,0,1.1799
5267,5267,134.8532,129.1344,0,1.2036
5268,5268,134.9029,128.3056,0,1.1566
5269,5269,134.8293,128.4932,0,1.1739
5270,5270,134.78,128.444,0,1.1957
5271,5271,134.8316,127.9679,0,1.1723
5272,5272,134.8876,127.4175,0,1.2186
5273,5273,134.8984,128.5546,0,1.171
5274,5274,134.9405,128.2743,0,1.1829
5275,5275,134.8948,129.5077,0,1.1783
5276,5276,134.8828,129.5542,0,1.1745
5277,5277,134.8381,126.056,0,1.1898
5278,5278,134.9895,128.8394,0,1.1698
5279,5279,134.893,127.0407,0,1.1889
5280,5280,134.9646,129.0673,0,1.1662
5281,5281,134.8546,127.1446,0,1.1845
5282,5282,134.8227,127.4205,0,1.183
5283,5283,134.8846,126.6418,0,1.1859
5284,5284,134.8061,126.608,0,1.1675
5285,5285,134.9005,130.6678,0,1.1606
5286,5286,134.814,130.8232,0,1.2167
5287,5287,134.9194,126.9252,0,1.1754
5288,5288,134.8101,128.7496,0,1.1991
5289,5289,134.8735,127.744,0,1.1661
5290,5290,134.7903,126.5343,0,1.1971
5291,5291,134.8728,128.1946,0,1.1845
5292,5292,134.8955,128.685,0,1.1974
5293,5293,134.826,129.6438,0,1.1771
5294,5294,134.8938,129.1864,0,1.1783
5295,5295,134.8433,128.4156,0,1.2003
5296,5296,134.8397,129.8523,0,1.1888
5297,5297,134.7903,127.3014,0,1.1911
5298,5298,134.8246,127.6263,0,1.1985
5299,5299,134.7597,127.8236,0,1.183
5300,5300,134.8734,128.7064,0,1.193
5301,5301,134.7688,129.7431,0,1.1482
5302,5302,134.886,128.9343,0,1.1977
5303,5303,134.8525,128.0943,0,1.1834
5304,5304,134.7867,130.492,0,1.1858
5305,5305,134.791,128.9251,0,1.1817
5306,5306,134.7937,128.6293,0,1.1903
5307,5307,134.75,126.7131,0,1.1766
5308,5308,134.8467,129.0177,0,1.1828
5309,5309,134.8297,127.4177,0,1.2098
5310,5310,134.8145,129.8657,0,1.1677
5311,5311,134.8367,127.6523,0,1.15
5312,5312,134.7361,129.4207,0,1.1653
5313,5313,134.8648,127.759,0,1.1517
5314,5314,134.879,127.6492,0,1.1778
5315,5315,134.8233,128.8901,0,1.1785
5316,5316,134.7471,127.6623,0,1.1849
5317,5317,134.8491,127.5319,0,1.1844
5318,5318,134.7611,128.1507,0,1.1767
5319,5319,134.7238,129.2644,0,1.179
5320,5320,134.8828,129.206,0,1.1773
5321,5321,134.7586,127.8618,0,1.17
5322,5322,134.8495,128.3056,0,1.2046
5323,5323,134.8877,129.0883,0,1.1976
5324,5324,134.8412,130.4102,0,1.1652
5325,5325,134.8411,128.4631,0,1.1794
5326,5326,134.8584,127.638,0,1.1886
5327,5327,134.8145,128.1539,0,1.1811
5328,5328,134.8527,129.3452,0,1.1782
5329,5329,134.765,129.1697,0,1.1444
5330,5330,134.7665,126.7222,0,1.1667
5331,5331,134.9017,127.824,0,1.1828
5332,5332,134.8312,128.33,0,1.1793
5333,5333,134.7973,127.1842,0,1.1802
5334,5334,134.9147,127.637,0,1.1668
5335,5335,134.8478,129.5315,0,1.1994
5336,5336,134.8052,128.6425,0,1.1832
5337,5337,134.7862,128.8023,0,1.1962
5338,5338,134.7277,130.1358,0,1.1794
5339,5339,134.7642,127.7831,0,1.1849
5340,5340,134.7683,129.465,0,1.192
5341,5341,134.8147,126.8801,0,1.1753
5342,5342,134.707,127.4131,0,1.1618
5343,5343,134.793,130.2544,0,1.146
5344,5344,134.8058,127.7579,0,1.159
5345,5345,134.8492,130.1489,0,1.1938
5346,5346,134.8024,127.5439,0,1.2177
5347,5347,134.714,128.9903,0,1.2008
5348,5348,134.8425,129.2771,0,1.165
5349,5349,134.8289,128.8333,0,1.193
5350,5350,134.8582,128.2329,0,1.1975
5351,5351,134.7323,128.2916,0,1.194
5352,5352,134.8599,126.9089,0,1.1827
5353,5353,134.7976,128.6699,0,1.2188
5354,5354,134.8383,128.7467,0,1.1648
5355,5355,134.8929,128.6199,0,1.1758
5356,5356,134.8363,128.8383,0,1.177
5357,5357,134.8423,129.0447,0,1.1729
5358,5358,134.8096,127.7227,0,1.1832
5359,5359,134.8491,125.9354,0,1.1881
5360,5360,134.8351,126.8202,0,1.1785
5361,5361,134.81,128.1953,0,1.1973
5362,5362,134.7983,126.2555,0,1.1863
5363,5363,134.7839,126.729,0,1.1788
5364,5364,134.8177,129.0039,0,1.2009
5365,5365,134.7694,127.7652,0,1.1633
5366,5366,134.7375,128.378,0,1.1898
5367,5367,134.8122,127.4865,0,1.1842
5368,5368,134.8329,127.8798,0,1.1842
5369,5369,134.7418,127.9586,0,1.1713
5370,5370,134.8328,127.4553,0,1.2076
5371,5371,134.8498,127.9392,0,1.1923
5372,5372,134.8731,126.8508,0,1.1893
5373,5373,134.8471,126.8452,0,1.1897
5374,5374,134.7683,126.0037,0,1.184
5375,5375,134.8366,126.6661,0,1.1651
5376,5376,134.8382,129.8538,0,1.1805
5377,5377,134.8787,128.3264,0,1.1866
5378,5378,134.8314,130.4439,0,1.1805
5379,5379,134.8355,125.8622,0,1.1891
5380,5380,134.79,126.9425,0,1.2092
5381,5381,134.8633,126.6429,0,1.1946
5382,5382,134.8555,126.8393,0,1.163
5383,5383,134.8243,127.6619,0,1.1739
5384,5384,134.864,127.2651,0,1.1794
5385,5385,134.8315,128.3836,0,1.1828
5386,5386,134.7287,128.5191,0,1.1798
5387,5387,134.8054,129.0686,0,1.1663
5388,5388,134.7621,126.0151,0,1.1779
5389,5389,134.8759,127.6438,0,1.1618
5390,5390,134.7353,127.4465,0,1.2108
5391,5391,134.7845,128.7704,0,1.2147
5392,5392,134.7968,127.3823,0,1.2063
5393,5393,134.8029,128.4133,0,1.1706
5394,5394,134.739,127.5122,0,1.217
5395,5395,134.7813,127.9419,0,1.1756
5396,5396,134.8721,129.7405,0,1.1845
5397,5397,134.8219,127.2768,0,1.1909
5398,5398,134.8299,126.6018,0,1.1738
5399,5399,134.8264,126.8323,0,1.1795
5400,5400,134.7907,128.3236,0,1.2088
5401,5401,134.7669,127.3962,0,1.1856
5402,5402,134.8507,127.7943,0,1.1971
5403,5403,134.8197,128.8625,0,1.2054
5404,5404,134.7653,127.6187,0,1.1756
5405,5405,134.7829,126.785,0,1.1888
5406,5406,134.7961,129.759,0,1.1698
5407,5407,134.7336,128.0792,0,1.168
5408,5408,134.7589,129.3271,0,1.1641
5409,5409,134.8421,127.3219,0,1.1913
5410,5410,134.8048,127.9315,0,1.1945
5411,5411,134.7247,127.5786,0,1.2016
5412,5412,134.7794,130.0174,0,1.2149
5413,5413,134.7737,128.45,0,1.1841
5414,5414,134.8002,127.3948,0,1.1725
5415,5415,134.7384,128.0246,0,1.1918
5416,5416,134.8352,128.2826,0,1.2121
5417,5417,134.7832,128.6536,0,1.1812
5418,5418,134.8253,130.2734,0,1.1762
5419,5419,134.7564,129.3895,0,1.1797
5420,5420,134.7719,127.3871,0,1.2202
5421,5421,134.8614,127.8567,0,1.1735
5422,5422,134.8444,126.7697,0,1.1719
5423,5423,134.7805,126.8972,0,1.1736
5424,5424,134.7647,127.1124,0,1.1973
5425,5425,134.8526,127.941,0,1.1825
5426,5426,134.8457,128.0336,0,1.1616
5427,5427,134.8299,128.7266,0,1.2037
5428,5428,134.8232,127.9743,0,1.1906
5429,5429,134.8368,126.5709,0,1.1748
5430,5430,134.707,127.4342,0,1.1917
5431,5431,134.7973,128.6195,0,1.1937
5432,5432,134.7441,128.3228,0,1.1865
5433,5433,134.7919,126.7671,0,1.1897
5434,5434,134.7321,128.716,0,1.1663
5435,5435,134.758,126.9121,0,1.2025
5436,5436,134.7855,129.7233,0,1.1659
5437,5437,134.7381,128.1829,0,1.1667
5438,5438,134.7588,129.1855,0,1.182
5439,5439,134.82,128.0277,0,1.1768
5440,5440,134.8623,127.4748,0,1.1801
5441,5441,134.7392,129.1609,0,1.1747
5442,5442,134.7855,127.004,0,1.1826
5443,5443,134.7515,129.4649,0,1.1871
5444,5444,134.8056,127.1663,0,1.1835
5445,5445,134.7757,130.4826,0,1.17
5446,5446,134.8354,128.1647,0,1.1766
5447,5447,134.8295,129.5347,0,1.1646
5448,5448,134.8407,128.3027,0,1.1767
5449,5449,134.7452,126.5122,0,1.1917
5450,5450,134.8118,127.57,0,1.1877
5451,5451,134.7491,128.222,0,1.162
5452,5452,134.8052,128.2604,0,1.2012
5453,5453,134.7375,130.8807,0,1.1871
5454,5454,134.8777,128.7686,0,1.1796
5455,5455,134.793,128.3624,0,1.2011
5456,5456,134.8124,128.9557,0,1.1734
5457,5457,134.6919,127.2543,0,1.1756
5458,5458,134.7726,128.386,0,1.1676
5459,5459,134.6657,127.0848,0,1.1527
5460,5460,134.8279,128.0741,0,1.1933
5461,5461,134.7753,128.3912,0,1.163
5462,5462,134.7992,128.2952,0,1.1526
5463,5463,134.674,128.3603,0,1.1813
5464,5464,134.8053,127.5567,0,1.1783
5465,5465,134.7556,127.4714,0,1.1924
5466,5466,134.8274,128.0121,0,1.1726
5467,5467,134.8141,126.0649,0,1.1682
5468,5468,134.8324,126.4513,0,1.1885
5469,5469,134.7044,128.2642,0,1.1943
5470,5470,134.7208,128.785,0,1.1537
5471,5471,134.8344,126.3723,0,1.1745
5472,5472,134.6729,127.2128,0,1.1927
5473,5473,134.8037,127.1103,0,1.1778
5474,5474,134.7524,126.9147,0,1.1721
5475,5475,134.6902,127.4759,0,1.1588
5476,5476,134.8115,129.0608,0,1.1617
5477,5477,134.7411,126.9928,0,1.1946
5478,5478,134.6967,128.3384,0,1.1478
5479,5479,134.8154,127.6333,0,1.1741
5480,5480,134.7678,129.3178,0,1.1334
5481,5481,134.7015,128.0997,0,1.1817
5482,5482,134.7803,128.1598,0,1.1813
5483,5483,134.7672,127.6921,0,1.1547
5484,5484,134.8044,128.7276,0,1.1658
5485,5485,134.8008,127.4439,0,1.1916
5486,5486,134.8198,129.4564,0,1.1785
5487,5487,134.8072,126.9368,0,1.1751
5488,5488,134.7147,127.4563,0,1.1719
5489,5489,134.7261,127.8371,0,1.2156
5490,5490,134.7273,127.4354,0,1.1977
5491,5491,134.7614,128.8013,0,1.2034
5492,5492,134.7029,125.9116,0,1.1906
5493,5493,134.7659,128.8252,0,1.1664
5494,5494,134.7909,129.7239,0,1.1755
5495,5495,134.7441,129.5552,0,1.1939
5496,5496,134.7637,129.5574,0,1.1763
5497,5497,134.7573,128.5009,0,1.1718
5498,5498,134.8212,128.096,0,1.188
5499,5499,134.7906,129.2055,0,1.1658
5500,5500,134.7365,128.5777,0,1.174
5501,5501,134.8077,128.5536,0,1.1841
5502,5502,134.7904,127.9004,0,1.1851
5503,5503,134.7278,128.3384,0,1.1931
5504,5504,134.8176,128.814,0,1.1739
5505,5505,134.7473,126.8654,0,1.195
5506,5506,134.7247,128.8018,0,1.1891
5507,5507,134.8171,127.8063,0,1.1696
5508,5508,134.7878,126.9226,0,1.1746
5509,5509,134.6838,127.5246,0,1.207
5510,5510,134.7946,126.267,0,1.1631
5511,5511,134.7906,125.859,0,1.184
5512,5512,134.8687,131.0675,0,1.2252
5513,5513,134.8034,129.7831,0,1.175
5514,5514,134.7415,126.818,0,1.2004
5515,5515,134.6767,127.5857,0,1.1875
5516,5516,134.749,127.0224,0,1.2018
5517,5517,134.759,128.8968,0,1.1777
5518,5518,134.7116,127.5449,0,1.1999
5519,5519,134.6947,131.0658,0,1.1776
5520,5520,134.7399,128.0079,0,1.1922
5521,5521,134.7079,128.6312,0,1.1611
5522,5522,134.7518,130.4688,0,1.181
5523,5523,134.8221,128.4632,0,1.205
5524,5524,134.7129,128.503,0,1.1808
5525,5525,134.7302,129.83,0,1.1897
5526,5526,134.7418,128.4922,0,1.1609
5527,5527,134.7139,126.9875,0,1.1774
5528,5528,134.7091,129.5464,0,1.1702
5529,5529,134.7007,130.3026,0,1.1676
5530,5530,134.7444,127.8097,0,1.2114
5531,5531,134.7454,127.7978,0,1.1851
5532,5532,134.7376,129.0783,0,1.1579
5533,5533,134.729,128.0876,0,1.1819
5534,5534,134.7622,129.1724,0,1.1841
5535,5535,134.7236,129.7368,0,1.166
5536,5536,134.747,127.991,0,1.1798
5537,5537,134.8083,127.5385,0,1.1941
5538,5538,134.7043,129.4511,0,1.1779
5539,5539,134.746,129.3712,0,1.1938
5540,5540,134.7016,126.4684,0,1.1986
5541,5541,134.7158,129.0241,0,1.2002
5542,5542,134.7931,127.9347,0,1.1833
5543,5543,134.7241,128.2787,0,1.1967
5544,5544,134.737,127.9825,0,1.1778
5545,5545,134.7659,128.2646,0,1.2068
5546,5546,134.7501,126.5774,0,1.1806
5547,5547,134.8082,129.0713,0,1.1538
5548,5548,134.7084,128.4591,0,1.1707
5549,5549,134.7255,127.2634,0,1.1907
5550,5550,134.7474,130.1646,0,1.1739
5551,5551,134.6913,127.4453,0,1.1925
5552,5552,134.7405,128.7175,0,1.1789
5553,5553,134.6955,126.9987,0,1.1889
5554,5554,134.7333,128.1256,0,1.1832
5555,5555,134.7449,130.0144,0,1.1984
5556,5556,134.6709,129.8617,0,1.1905
5557,5557,134.7367,127.9713,0,1.1734
5558,5558,134.7334,127.4425,0,1.1876
5559,5559,134.7236,128.3279,0,1.1836
5560,5560,134.7498,127.9029,0,1.192
5561,5561,134.7642,128.393,0,1.1678
5562,5562,134.723,128.8319,0,1.1898
5563,5563,134.6999,127.4122,0,1.1852
5564,5564,134.7409,129.3422,0,1.1823
5565,5565,134.6166,128.9929,0,1.1777
5566,5566,134.7073,131.3981,0,1.176
5567,5567,134.7095,126.1029,0,1.1611
5568,5568,134.6996,126.1325,0,1.2037
5569,5569,134.6176,128.4627,0,1.1686
5570,5570,134.7737,127.7163,0,1.1711
5571,5571,134.6811,127.2425,0,1.1471
5572,5572,134.7794,127.887,0,1.1792
5573,5573,134.6974,127.4169,0,1.171
5574,5574,134.6516,127.4722,0,1.1777
5575,5575,134.775,127.5959,0,1.1796
5576,5576,134.7254,126.777,0,1.1815
5577,5577,134.6787,126.0863,0,1.1558
5578,5578,134.7024,127.5322,0,1.1861
5579,5579,134.6463,130.0582,0,1.1757
5580,5580,134.6515,128.1668,0,1.1801
5581,5581,134.6833,128.8431,0,1.1575
5582,5582,134.7314,129.5852,0,1.1759
5583,5583,134.7554,127.0967,0,1.1798
5584,5584,134.7073,126.8956,0,1.172
5585,5585,134.7178,128.5303,0,1.1686
5586,5586,134.6404,128.0811,0,1.1552
5587,5587,134.6875,128.0821,0,1.1764
5588,5588,134.7503,126.06,0,1.2164
5589,5589,134.6925,126.884,0,1.2093
5590,5590,134.7514,127.7193,0,1.2115
5591,5591,134.6515,128.8044,0,1.1979
5592,5592,134.7107,126.2519,0,1.172
5593,5593,134.7726,127.8885,0,1.2092
5594,5594,134.7637,127.4562,0,1.2074
5595,5595,134.7221,126.5308,0,1.1923
5596,5596,134.647,129.0264,0,1.1596
5597,5597,134.7818,127.7368,0,1.1816
5598,5598,134.6566,128.7513,0,1.1812
5599,5599,134.6809,128.5051,0,1.1783
5600,5600,134.7134,128.6874,0,1.1843
5601,5601,134.6596,128.934,0,1.194
5602,5602,134.7007,128.3269,0,1.1755
5603,5603,134.6639,127.3902,0,1.2025
5604,5604,134.6965,127.3923,0,1.1876
5605,5605,134.6952,127.6179,0,1.2018
5606,5606,134.7413,126.9642,0,1.1723
5607,5607,134.7083,126.1791,0,1.2053
5608,5608,134.728,127.3778,0,1.1633
5609,5609,134.6354,126.7967,0,1.1974
5610,5610,134.6228,128.1305,0,1.1658
5611,5611,134.6545,132.4137,0,1.173
5612,5612,134.679,127.329,0,1.17
5613,5613,134.6989,127.6422,0,1.1827
5614,5614,134.712,128.3103,0,1.1927
5615,5615,134.6509,128.7663,0,1.1755
5616,5616,134.6596,129.6178,0,1.2026
5617,5617,134.7023,128.3294,0,1.1835
5618,5618,134.7404,126.904,0,1.2041
5619,5619,134.7321,128.318,0,1.1825
5620,5620,134.6578,129.74,0,1.1728
5621,5621,134.6717,127.9217,0,1.1809
5622,5622,134.6374,126.8645,0,1.2054
5623,5623,134.7137,126.9478,0,1.168
5624,5624,134.7134,130.1289,0,1.1691
5625,5625,134.696,127.6776,0,1.1981
5626,5626,134.6945,127.6744,0,1.1742
5627,5627,134.6349,127.1376,0,1.2049
5628,5628,134.6289,129.2883,0,1.1872
5629,5629,134.6621,127.429,0,1.1918
5630,5630,134.6182,129.1069,0,1.1889
5631,5631,134.6382,128.844,0,1.1604
5632,5632,134.7216,127.402,0,1.1639
5633,5633,134.7019,128.7958,0,1.1707
5634,5634,134.7484,130.831,0,1.1765
5635,5635,134.7437,128.3884,0,1.1596
5636,5636,134.6696,128.0811,0,1.1569
5637,5637,134.6195,126.286,0,1.183
5638,5638,134.6523,126.472,0,1.1757
5639,5639,134.6853,127.3074,0,1.1816
5640,5640,134.6304,128.3144,0,1.1804
5641,5641,134.7098,128.3859,0,1.1701
5642,5642,134.674,126.8484,0,1.1942
5643,5643,134.6818,129.1386,0,1.1781
5644,5644,134.6217,127.9594,0,1.1873
5645,5645,134.5987,128.586,0,1.1763
5646,5646,134.6201,129.1617,0,1.1918
5647,5647,134.7269,128.4477,0,1.1935
5648,5648,134.6488,128.4551,0,1.1837
5649,5649,134.6248,129.4317,0,1.1989
5650,5650,134.6247,129.4016,0,1.2008
5651,5651,134.7017,127.8303,0,1.1988
5652,5652,134.7056,129.4387,0,1.2071
5653,5653,134.7301,128.7519,0,1.1647
5654,5654,134.7105,128.3807,0,1.1782
5655,5655,134.6999,128.6031,0,1.161
5656,5656,134.6707,128.8758,0,1.1788
5657,5657,134.7262,127.578,0,1.1945
5658,5658,134.6605,126.9702,0,1.2046
5659,5659,134.6384,129.8062,0,1.1769
5660,5660,134.6734,126.8614,0,1.1891
5661,5661,134.7261,127.1742,0,1.174
5662,5662,134.6169,127.8399,0,1.1797
5663,5663,134.7119,126.9484,0,1.1596
5664,5664,134.6662,128.0944,0,1.1705
5665,5665,134.741,127.6911,0,1.1665
5666,5666,134.6833,127.8283,0,1.1816
5667,5667,134.6921,126.8283,0,1.1976
5668,5668,134.6701,129.1163,0,1.1515
5669,5669,134.6677,128.5518,0,1.1671
5670,5670,134.7384,127.6972,0,1.1834
5671,5671,134.7003,127.6327,0,1.1955
5672,5672,134.6389,128.44,0,1.2222
5673,5673,134.6975,129.229,0,1.173
5674,5674,134.693,128.2511,0,1.2087
5675,5675,134.7663,127.4356,0,1.1845
5676,5676,134.7041,128.8488,0,1.1782
5677,5677,134.7113,127.957,0,1.2045
5678,5678,134.6898,127.2255,0,1.1771
5679,5679,134.6507,130.2473,0,1.1733
5680,5680,134.7034,129.2229,0,1.1812
5681,5681,134.5839,128.8277,0,1.1963
5682,5682,134.6472,128.1986,0,1.1868
5683,5683,134.7383,127.588,0,1.1686
5684,5684,134.6652,128.477,0,1.197
5685,5685,134.6327,127.8436,0,1.167
5686,5686,134.6741,128.0116,0,1.1711
5687,5687,134.6208,126.9643,0,1.1769
5688,5688,134.6262,125.6901,0,1.1974
5689,5689,134.6668,127.6382,0,1.1857
5690,5690,134.6761,130.1004,0,1.1988
5691,5691,134.7234,128.549,0,1.1976
5692,5692,134.718,129.016,0,1.1874
5693,5693,134.6756,128.2377,0,1.1882
5694,5694,134.6188,127.5289,0,1.1829
5695,5695,134.6264,128.9642,0,1.1653
5696,5696,134.733,128.7354,0,1.1853
5697,5697,134.6459,128.0526,0,1.1802
5698,5698,134.6311,129.5014,0,1.1648
5699,5699,134.6715,128.091,0,1.1925
5700,5700,134.6251,128.0863,0,1.1732
5701,5701,134.6666,128.5995,0,1.1919
5702,5702,134.6454,126.7884,0,1.175
5703,5703,134.6273,126.8095,0,1.1763
5704,5704,134.6223,128.3076,0,1.1675
5705,5705,134.6415,126.4663,0,1.173
5706,5706,134.6172,129.0618,0,1.1731
5707,5707,134.6864,128.5626,0,1.1764
5708,5708,134.6417,128.0648,0,1.1878
5709,5709,134.5578,127.5493,0,1.1722
5710,5710,134.6724,128.9113,0,1.1904
5711,5711,134.6684,127.3267,0,1.1841
5712,5712,134.7025,127.8051,0,1.1676
5713,5713,134.629,127.6751,0,1.1784
5714,5714,134.6298,127.9695,0,1.1894
5715,5715,134.694,127.4655,0,1.1418
5716,5716,134.6905,127.3998,0,1.1842
5717,5717,134.7244,128.7378,0,1.1662
5718,5718,134.6654,127.089,0,1.2064
5719,5719,134.7141,126.6232,0,1.1837
5720,5720,134.7536,129.085,0,1.179
5721,5721,134.6393,128.6666,0,1.1506
5722,5722,134.7196,127.0873,0,1.1945
5723,5723,134.7165,127.9121,0,1.1568
5724,5724,134.711,129.4464,0,1.1814
5725,5725,134.6681,126.5578,0,1.2039
5726,5726,134.5611,127.4282,0,1.1911
5727,5727,134.6184,127.583,0,1.1926
5728,5728,134.6639,127.3058,0,1.1905
5729,5729,134.6883,127.5463,0,1.2031
5730,5730,134.556,126.8867,0,1.1752
5731,5731,134.7468,127.6128,0,1.1872
5732,5732,134.6683,128.7031,0,1.1675
5733,5733,134.6926,127.641,0,1.1648
5734,5734,134.6086,127.899,0,1.1709
5735,5735,134.6244,128.4154,0,1.186
5736,5736,134.5983,127.5226,0,1.1677
5737,5737,134.5406,127.6762,0,1.178
5738,5738,134.6493,127.256,0,1.1881
5739,5739,134.5763,128.7239,0,1.1991
5740,5740,134.7297,127.5067,0,1.1884
5741,5741,134.6786,128.4039,0,1.1854
5742,5742,134.5962,128.0734,0,1.1567
5743,5743,134.6303,128.9331,0,1.1845
5744,5744,134.6723,126.8227,0,1.1873
5745,5745,134.5586,128.3191,0,1.2075
5746,5746,134.6657,128.958,0,1.1921
5747,5747,134.6406,128.1226,0,1.1747
5748,5748,134.6502,127.8586,0,1.1754
5749,5749,134.6407,127.9811,0,1.1675
5750,5750,134.6345,127.8606,0,1.1566
5751,5751,134.5636,128.0403,0,1.1674
5752,5752,134.5824,128.3377,0,1.1704
5753,5753,134.6541,127.8203,0,1.2027
5754,5754,134.6831,128.6733,0,1.1866
5755,5755,134.5056,127.6733,0,1.1665
5756,5756,134.6706,129.1227,0,1.203
5757,5757,134.6136,127.1469,0,1.1985
5758,5758,134.6459,127.8245,0,1.1553
5759,5759,134.625,126.8486,0,1.1881
5760,5760,134.6251,127.7865,0,1.1988
5761,5761,134.6195,127.9666,0,1.1682
5762,5762,134.6102,128.5338,0,1.1967
5763,5763,134.6026,126.8926,0,1.1765
5764,5764,134.5754,131.0971,0,1.1612
5765,5765,134.578,128.1245,0,1.1818
5766,5766,134.763,126.9926,0,1.1853
5767,5767,134.5703,127.5137,0,1.1963
5768,5768,134.6216,127.835,0,1.1728
5769,5769,134.6715,127.482,0,1.1783
5770,5770,134.6904,126.9944,0,1.1878
5771,5771,134.5945,128.9094,0,1.1571
5772,5772,134.6979,127.7175,0,1.1865
5773,5773,134.6857,127.4404,0,1.2154
5774,5774,134.6014,128.7117,0,1.1816
5775,5775,134.655,128.126,0,1.1601
5776,5776,134.5803,126.3604,0,1.1786
5777,5777,134.616,126.7773,0,1.1995
5778,5778,134.7114,129.9302,0,1.1755
5779,5779,134.5888,128.2811,0,1.1837
5780,5780,134.7261,127.8509,0,1.163
5781,5781,134.5588,128.83,0,1.1769
5782,5782,134.5964,127.2398,0,1.1844
5783,5783,134.6897,129.9081,0,1.2001
5784,5784,134.6941,127.7173,0,1.1747
5785,5785,134.5807,126.1332,0,1.195
5786,5786,134.665,127.9973,0,1.1583
5787,5787,134.6705,129.8492,0,1.1851
5788,5788,134.6638,129.7994,0,1.1861
5789,5789,134.5781,127.4969,0,1.1563
5790,5790,134.6208,126.971,0,1.1699
5791,5791,134.6221,129.6007,0,1.1704
5792,5792,134.5612,127.7956,0,1.1942
5793,5793,134.533,127.0982,0,1.1418
5794,5794,134.6364,128.7192,0,1.1924
5795,5795,134.6237,129.4352,0,1.1538
5796,5796,134.592,127.2876,0,1.1933
5797,5797,134.6553,129.6129,0,1.1625
5798,5798,134.5742,128.6661,0,1.1794
5799,5799,134.5629,127.0233,0,1.1479
5800,5800,134.6532,127.8778,0,1.1888
5801,5801,134.6151,129.819,0,1.1744
5802,5802,134.6053,128.8104,0,1.2074
5803,5803,134.5989,128.101,0,1.1797
5804,5804,134.5742,127.534,0,1.1841
5805,5805,134.5658,126.5621,0,1.1858
5806,5806,134.6028,126.6061,0,1.202
5807,5807,134.7228,127.5949,0,1.1948
5808,5808,134.5564,126.5532,0,1.1714
5809,5809,134.6333,129.2146,0,1.1802
5810,5810,134.7293,128.2304,0,1.2125
5811,5811,134.5863,129.5361,0,1.2015
5812,5812,134.6078,128.2188,0,1.1686
5813,5813,134.5716,129.2467,0,1.1753
5814,5814,134.6259,128.4633,0,1.2043
5815,5815,134.5365,126.594,0,1.1847
5816,5816,134.5772,128.0455,0,1.2058
5817,5817,134.6075,129.3017,0,1.1782
5818,5818,134.6186,127.6708,0,1.1411
5819,5819,134.6446,129.001,0,1.2323
5820,5820,134.6073,128.5498,0,1.1801
5821,5821,134.6331,129.4733,0,1.1686
5822,5822,134.5085,128.3841,0,1.2081
5823,5823,134.6484,127.6979,0,1.1837
5824,5824,134.5109,128.6999,0,1.2043
5825,5825,134.5732,128.7889,0,1.19
5826,5826,134.6343,129.8378,0,1.1846
5827,5827,134.7174,128.2457,0,1.1672
5828,5828,134.657,128.6255,0,1.1621
5829,5829,134.6083,128.0426,0,1.1901
5830,5830,134.6097,127.9039,0,1.1994
5831,5831,134.6119,127.7529,0,1.168
5832,5832,134.581,126.4001,0,1.1636
5833,5833,134.5949,128.4791,0,1.1687
5834,5834,134.6436,129.652,0,1.1844
5835,5835,134.6523,126.9952,0,1.1712
5836,5836,134.5234,128.2112,0,1.1885
5837,5837,134.5402,130.7527,0,1.1892
5838,5838,134.627,129.8373,0,1.1735
5839,5839,134.5279,129.3177,0,1.199
5840,5840,134.6958,128.6761,0,1.1647
5841,5841,134.5978,126.512,0,1.1947
5842,5842,134.5607,128.8189,0,1.1728
5843,5843,134.6013,129.2152,0,1.1756
5844,5844,134.582,128.5072,0,1.1809
5845,5845,134.5796,129.1127,0,1.1588
5846,5846,134.5614,127.8983,0,1.148
5847,5847,134.6112,128.5986,0,1.1637
5848,5848,134.6046,129.6831,0,1.1805
5849,5849,134.5831,127.3287,0,1.2083
5850,5850,134.6207,129.1622,0,1.1722
5851,5851,134.4962,126.1607,0,1.1734
5852,5852,134.6144,126.8986,0,1.1637
5853,5853,134.4928,127.3214,0,1.1745
5854,5854,134.5481,128.3604,0,1.1713
5855,5855,134.5337,127.9765,0,1.1758
5856,5856,134.5634,129.38,0,1.162
5857,5857,134.5435,129.3089,0,1.1728
5858,5858,134.5974,128.1951,0,1.184
5859,5859,134.6667,127.7418,0,1.172
5860,5860,134.5599,129.3437,0,1.1662
5861,5861,134.6027,125.3187,0,1.1689
5862,5862,134.66,127.3552,0,1.1753
5863,5863,134.5574,128.6358,0,1.1592
5864,5864,134.624,129.0474,0,1.1676
5865,5865,134.6308,126.775,0,1.1848
5866,5866,134.5612,127.2419,0,1.1854
5867,5867,134.566,128.8256,0,1.1665
5868,5868,134.5446,127.9381,0,1.1662
5869,5869,134.463,127.9625,0,1.188
5870,5870,134.5092,128.4545,0,1.1728
5871,5871,134.4766,127.7882,0,1.1785
5872,5872,134.4966,128.1436,0,1.1921
5873,5873,134.6129,127.7845,0,1.1772
5874,5874,134.5734,127.6811,0,1.1901
5875,5875,134.6131,129.7246,0,1.1443
5876,5876,134.5969,128.2781,0,1.1822
5877,5877,134.538,130.6073,0,1.1835
5878,5878,134.5462,128.0651,0,1.1589
5879,5879,134.567,128.6627,0,1.1871
5880,5880,134.5623,128.1007,0,1.1647
5881,5881,134.5586,126.6046,0,1.1619
5882,5882,134.5518,129.8037,0,1.1726
5883,5883,134.6191,127.5659,0,1.192
5884,5884,134.5064,128.9574,0,1.1869
5885,5885,134.6166,127.9388,0,1.1786
5886,5886,134.5884,128.2545,0,1.1774
5887,5887,134.597,128.6946,0,1.1812
5888,5888,134.5711,127.8105,0,1.2098
5889,5889,134.7333,128.6156,0,1.1632
5890,5890,134.6576,128.6943,0,1.2014
5891,5891,134.6141,127.2166,0,1.1713
5892,5892,134.5482,129.3532,0,1.1801
5893,5893,134.4447,127.5985,0,1.1559
5894,5894,134.5931,126.8342,0,1.1414
5895,5895,134.5179,128.4652,0,1.153
5896,5896,134.5891,128.4932,0,1.1811
5897,5897,134.584,130.0319,0,1.1881
5898,5898,134.5247,128.4079,0,1.1695
5899,5899,134.481,126.5903,0,1.1695
5900,5900,134.4481,125.7377,0,1.2009
5901,5901,134.6019,129.1117,0,1.1813
5902,5902,134.5382,127.6292,0,1.1766
5903,5903,134.4903,129.4457,0,1.1731
5904,5904,134.5765,129.3545,0,1.1945
5905,5905,134.6627,128.4179,0,1.1685
5906,5906,134.4521,128.1665,0,1.1938
5907,5907,134.6308,129.7009,0,1.1886
5908,5908,134.5641,127.1391,0,1.1957
5909,5909,134.5783,128.2285,0,1.1912
5910,5910,134.5453,127.0254,0,1.1673
5911,5911,134.4853,127.6611,0,1.1865
5912,5912,134.5358,128.0499,0,1.1719
5913,5913,134.5683,129.4306,0,1.174
5914,5914,134.6193,129.1431,0,1.171
5915,5915,134.5132,129.5318,0,1.1919
5916,5916,134.4648,127.4726,0,1.2084
5917,5917,134.6121,128.0025,0,1.1768
5918,5918,134.5369,128.0179,0,1.1764
5919,5919,134.5692,127.1754,0,1.1729
5920,5920,134.5694,129.5147,0,1.1896
5921,5921,134.5161,126.5861,0,1.1697
5922,5922,134.5546,126.5192,0,1.1765
5923,5923,134.5743,129.2318,0,1.19
5924,5924,134.5313,128.101,0,1.1796
5925,5925,134.5585,127.1061,0,1.1498
5926,5926,134.5748,128.9618,0,1.2103
5927,5927,134.5921,127.15,0,1.1808
5928,5928,134.6311,128.4685,0,1.1772
5929,5929,134.5709,128.0818,0,1.1703
5930,5930,134.5274,128.4812,0,1.1479
5931,5931,134.4981,130.2952,0,1.1986
5932,5932,134.4802,128.8745,0,1.1691
5933,5933,134.5378,128.2317,0,1.1741
5934,5934,134.5314,127.7378,0,1.1663
5935,5935,134.4926,128.4977,0,1.1499
5936,5936,134.6023,129.868,0,1.189
5937,5937,134.4985,128.698,0,1.161
5938,5938,134.476,127.0048,0,1.1754
5939,5939,134.6222,127.4852,0,1.154
5940,5940,134.5169,127.4875,0,1.1927
5941,5941,134.5737,127.3909,0,1.1971
5942,5942,134.5166,129.334,0,1.1803
5943,5943,134.5022,127.9379,0,1.1876
5944,5944,134.5659,129.8693,0,1.1924
5945,5945,134.521,129.3853,0,1.1747
5946,5946,134.5642,126.2363,0,1.1894
5947,5947,134.5531,126.5061,0,1.1869
5948,5948,134.5469,126.1589,0,1.203
5949,5949,134.6043,127.1572,0,1.1845
5950,5950,134.5625,127.7538,0,1.1923
5951,5951,134.5701,126.5936,0,1.163
5952,5952,134.6658,127.3717,0,1.1734
5953,5953,134.5603,127.5399,0,1.1574
5954,5954,134.566,128.7343,0,1.2001
5955,5955,134.5195,128.7172,0,1.1857
5956,5956,134.5339,129.9639,0,1.185
5957,5957,134.5346,129.6793,0,1.1683
5958,5958,134.6021,127.2698,0,1.1803
5959,5959,134.5403,129.0874,0,1.1691
5960,5960,134.5786,127.5587,0,1.1918
5961,5961,134.5505,126.7406,0,1.2102
5962,5962,134.6203,127.714,0,1.1736
5963,5963,134.5235,127.5628,0,1.1677
5964,5964,134.5171,128.5586,0,1.1646
5965,5965,134.5905,127.2362,0,1.1714
5966,5966,134.4294,127.9381,0,1.2153
5967,5967,134.5648,127.5067,0,1.1813
5968,5968,134.5532,128.2751,0,1.2019
5969,5969,134.5045,128.5212,0,1.1845
5970,5970,134.5308,128.4576,0,1.1845
5971,5971,134.6142,128.516,0,1.1803
5972,5972,134.4821,126.9768,0,1.1645
5973,5973,134.6475,127.8214,0,1.1507
5974,5974,134.5017,128.0689,0,1.167
5975,5975,134.5631,127.9859,0,1.2104
5976,5976,134.5393,127.1948,0,1.1912
5977,5977,134.5505,127.3492,0,1.1582
5978,5978,134.5749,130.3576,0,1.2019
5979,5979,134.4945,129.2337,0,1.162
5980,5980,134.4677,128.5573,0,1.1705
5981,5981,134.5296,126.9052,0,1.1787
5982,5982,134.4773,127.7897,0,1.1841
5983,5983,134.5268,128.4551,0,1.1831
5984,5984,134.5923,129.6745,0,1.2074
5985,5985,134.5862,128.5145,0,1.1385
5986,5986,134.6202,127.1852,0,1.1826
5987,5987,134.5547,128.0138,0,1.1685
5988,5988,134.6115,126.9618,0,1.1778
5989,5989,134.5442,127.8477,0,1.1705
5990,5990,134.4607,129.8581,0,1.1989
5991,5991,134.5212,127.2042,0,1.1838
5992,5992,134.5838,127.5571,0,1.1679
5993,5993,134.4977,129.045,0,1.1577
5994,5994,134.5381,128.0168,0,1.1576
5995,5995,134.5147,129.8862,0,1.1885
5996,5996,134.5146,127.9568,0,1.1706
5997,5997,134.6135,127.5724,0,1.1879
5998,5998,134.5606,128.2458,0,1.1797
5999,5999,134.4887,127.4589,0,1.1502
