xxx,Epoch,Loss
Training,0,611.6414
Training,1,269.263
Training,2,268.9657
Training,3,268.8107
Training,4,268.6538
Training,5,268.5606
Training,6,268.495
Training,7,268.3233
Training,8,268.2834
Training,9,268.2023
Training,10,268.216
Training,11,268.1576
Training,12,268.0831
Training,13,268.1071
Training,14,268.1081
Training,15,268.088
Training,16,268.0666
Training,17,268.024
Training,18,268.0892
Training,19,268.035
Training,20,268.0126
Training,21,268.0276
Training,22,268.0107
Training,23,268.023
Training,24,267.9941
Training,25,267.979
Training,26,268.0017
Training,27,267.968
Training,28,267.9787
Training,29,267.9486
Training,30,267.9597
Training,31,267.9718
Training,32,267.9592
Training,33,267.9152
Training,34,267.9354
Training,35,267.924
Training,36,267.9352
Training,37,267.9082
Training,38,267.9176
Training,39,267.9417
Training,40,267.9039
Training,41,267.9406
Training,42,267.8789
Training,43,267.9219
Training,44,267.8851
Training,45,267.8804
Training,46,267.8803
Training,47,267.8829
Training,48,267.8688
Training,49,267.8664
Training,50,267.8439
Training,51,267.8568
Training,52,267.8652
Training,53,267.83
Training,54,267.8345
Training,55,267.8185
Training,56,267.8246
Training,57,267.8202
Training,58,267.7972
Training,59,267.771
Training,60,267.7456
Training,61,267.7116
Training,62,267.588
Training,63,267.579
Training,64,267.4234
Training,65,267.1029
Training,66,266.3848
Training,67,265.0281
Training,68,263.263
Training,69,261.7818
Training,70,260.6415
Training,71,259.9676
Training,72,259.3992
Training,73,258.9897
Training,74,258.5148
Training,75,258.0228
Training,76,257.5626
Training,77,257.148
Training,78,256.4973
Training,79,256.0456
Training,80,255.5585
Training,81,255.0198
Training,82,254.6557
Training,83,254.3394
Training,84,253.9988
Training,85,253.8176
Training,86,253.5191
Training,87,253.2632
Training,88,253.007
Training,89,252.8222
Training,90,252.6521
Training,91,252.464
Training,92,252.1954
Training,93,251.9986
Training,94,251.9291
Training,95,251.7649
Training,96,251.5676
Training,97,251.3994
Training,98,251.3058
Training,99,251.117
Training,100,250.9131
Training,101,250.6331
Training,102,250.4923
Training,103,250.3173
Training,104,250.1293
Training,105,249.9661
Training,106,249.6192
Training,107,249.5598
Training,108,249.3177
Training,109,249.0881
Training,110,248.8868
Training,111,248.437
Training,112,248.0241
Training,113,247.581
Training,114,247.3396
Training,115,247.0915
Training,116,246.8878
Training,117,246.6887
Training,118,246.472
Training,119,246.2873
Training,120,246.1414
Training,121,245.9272
Training,122,245.7901
Training,123,245.6246
Training,124,245.4918
Training,125,245.3318
Training,126,245.1959
Training,127,245.0528
Training,128,244.9203
Training,129,244.7736
Training,130,244.6069
Training,131,244.4603
Training,132,244.2712
Training,133,244.1006
Training,134,243.9547
Training,135,243.7958
Training,136,243.5273
Training,137,243.3682
Training,138,243.1787
Training,139,242.9011
Training,140,242.7183
Training,141,242.5315
Training,142,242.3791
Training,143,242.1732
Training,144,242.0093
Training,145,241.8447
Training,146,241.6593
Training,147,241.5911
Training,148,241.458
Training,149,241.3307
Training,150,241.199
Training,151,241.0697
Training,152,241.006
Training,153,240.8765
Training,154,240.8218
Training,155,240.7537
Training,156,240.714
Training,157,240.5681
Training,158,240.5068
Training,159,240.4253
Training,160,240.3507
Training,161,240.28
Training,162,240.2104
Training,163,240.1967
Training,164,240.1134
Training,165,240.0807
Training,166,239.9659
Training,167,239.977
Training,168,239.8629
Training,169,239.8151
Training,170,239.7509
Training,171,239.737
Training,172,239.6909
Training,173,239.5958
Training,174,239.5809
Training,175,239.5528
Training,176,239.5007
Training,177,239.4731
Training,178,239.4106
Training,179,239.3855
Training,180,239.3608
Training,181,239.3352
Training,182,239.2802
Training,183,239.2572
Training,184,239.1904
Training,185,239.1968
Training,186,239.1248
Training,187,239.104
Training,188,239.0687
Training,189,239.0172
Training,190,238.9928
Training,191,238.9943
Training,192,238.9812
Training,193,238.9155
Training,194,238.9046
Training,195,238.8398
Training,196,238.8599
Training,197,238.8055
Training,198,238.8002
Training,199,238.7947
Training,200,238.7667
Training,201,238.7443
Training,202,238.7002
Training,203,238.6918
Training,204,238.6843
Training,205,238.627
Training,206,238.635
Training,207,238.5918
Training,208,238.6142
Training,209,238.5571
Training,210,238.5195
Training,211,238.4967
Training,212,238.5042
Training,213,238.4271
Training,214,238.4356
Training,215,238.4297
Training,216,238.4021
Training,217,238.3662
Training,218,238.3606
Training,219,238.3118
Training,220,238.3017
Training,221,238.3051
Training,222,238.2542
Training,223,238.233
Training,224,238.2422
Training,225,238.2244
Training,226,238.1782
Training,227,238.1373
Training,228,238.1373
Training,229,238.0937
Training,230,238.1062
Training,231,238.0823
Training,232,238.079
Training,233,238.0163
Training,234,238.0183
Training,235,238.0479
Training,236,238.0032
Training,237,237.9756
Training,238,237.969
Training,239,237.9284
Training,240,237.9092
Training,241,237.8907
Training,242,237.8776
Training,243,237.8505
Training,244,237.8223
Training,245,237.8195
Training,246,237.8058
Training,247,237.7562
Training,248,237.742
Training,249,237.7178
Training,250,237.7019
Training,251,237.6847
Training,252,237.6765
Training,253,237.6247
Training,254,237.6096
Training,255,237.5696
Training,256,237.561
Training,257,237.5312
Training,258,237.5314
Training,259,237.4911
Training,260,237.4191
Training,261,237.419
Training,262,237.3631
Training,263,237.3293
Training,264,237.2521
Training,265,237.1894
Training,266,237.1159
Training,267,236.9807
Training,268,236.8757
Training,269,236.7275
Training,270,236.615
Training,271,236.5059
Training,272,236.3922
Training,273,236.2839
Training,274,236.1533
Training,275,236.0459
Training,276,235.9542
Training,277,235.8654
Training,278,235.7803
Training,279,235.6807
Training,280,235.6206
Training,281,235.5365
Training,282,235.4589
Training,283,235.3771
Training,284,235.3324
Training,285,235.2661
Training,286,235.1505
Training,287,235.0972
Training,288,235.0154
Training,289,234.9205
Training,290,234.8646
Training,291,234.7656
Training,292,234.7184
Training,293,234.6225
Training,294,234.5675
Training,295,234.4777
Training,296,234.3773
Training,297,234.3097
Training,298,234.2106
Training,299,234.1613
Training,300,234.0575
Training,301,233.957
Training,302,233.8439
Training,303,233.7704
Training,304,233.6336
Training,305,233.514
Training,306,233.4392
Training,307,233.3297
Training,308,233.2862
Training,309,233.188
Training,310,233.0949
Training,311,233.0288
Training,312,232.9581
Training,313,232.9149
Training,314,232.8391
Training,315,232.7603
Training,316,232.6868
Training,317,232.6429
Training,318,232.6035
Training,319,232.5534
Training,320,232.4869
Training,321,232.4416
Training,322,232.4024
Training,323,232.3461
Training,324,232.3202
Training,325,232.2894
Training,326,232.244
Training,327,232.2058
Training,328,232.1504
Training,329,232.0902
Training,330,232.0804
Training,331,232.0197
Training,332,232.0108
Training,333,231.9658
Training,334,231.9175
Training,335,231.8769
Training,336,231.8394
Training,337,231.7936
Training,338,231.7632
Training,339,231.7592
Training,340,231.6966
Training,341,231.6497
Training,342,231.6118
Training,343,231.581
Training,344,231.5584
Training,345,231.5309
Training,346,231.4932
Training,347,231.4474
Training,348,231.4207
Training,349,231.3764
Training,350,231.3604
Training,351,231.3287
Training,352,231.2789
Training,353,231.2368
Training,354,231.218
Training,355,231.2023
Training,356,231.1883
Training,357,231.1125
Training,358,231.0704
Training,359,231.0415
Training,360,230.9833
Training,361,230.9773
Training,362,230.9267
Training,363,230.9012
Training,364,230.8563
Training,365,230.7922
Training,366,230.7641
Training,367,230.7049
Training,368,230.6776
Training,369,230.6021
Training,370,230.5597
Training,371,230.4676
Training,372,230.437
Training,373,230.3721
Training,374,230.301
Training,375,230.2025
Training,376,230.1815
Training,377,230.031
Training,378,229.9447
Training,379,229.773
Training,380,229.6739
Training,381,229.4856
Training,382,229.3065
Training,383,229.0929
Training,384,228.8776
Training,385,228.6486
Training,386,228.4787
Training,387,228.3338
Training,388,228.1341
Training,389,227.936
Training,390,227.8336
Training,391,227.6637
Training,392,227.4952
Training,393,227.339
Training,394,227.1832
Training,395,227.0393
Training,396,226.8552
Training,397,226.7481
Training,398,226.6215
Training,399,226.4711
Training,400,226.3143
Training,401,226.2402
Training,402,226.0816
Training,403,225.9469
Training,404,225.8166
Training,405,225.7176
Training,406,225.589
Training,407,225.4582
Training,408,225.2868
Training,409,225.1847
Training,410,225.1086
Training,411,224.9864
Training,412,224.8654
Training,413,224.7176
Training,414,224.6206
Training,415,224.524
Training,416,224.3985
Training,417,224.2735
Training,418,224.1369
Training,419,224.0434
Training,420,223.8966
Training,421,223.7899
Training,422,223.7139
Training,423,223.549
Training,424,223.4672
Training,425,223.3655
Training,426,223.2456
Training,427,223.1155
Training,428,222.941
Training,429,222.8527
Training,430,222.7311
Training,431,222.6241
Training,432,222.4684
Training,433,222.3101
Training,434,222.1485
Training,435,222.0445
Training,436,221.9231
Training,437,221.822
Training,438,221.6516
Training,439,221.4906
Training,440,221.3409
Training,441,221.1764
Training,442,220.9703
Training,443,220.7243
Training,444,220.5009
Training,445,220.3047
Training,446,220.0242
Training,447,219.8276
Training,448,219.5487
Training,449,219.2359
Training,450,219.0111
Training,451,218.7463
Training,452,218.4483
Training,453,218.2031
Training,454,217.95
Training,455,217.7558
Training,456,217.5056
Training,457,217.3012
Training,458,217.093
Training,459,216.8992
Training,460,216.7139
Training,461,216.5766
Training,462,216.4331
Training,463,216.2462
Training,464,216.1018
Training,465,215.9498
Training,466,215.8219
Training,467,215.6808
Training,468,215.5471
Training,469,215.4199
Training,470,215.29
Training,471,215.2215
Training,472,215.0722
Training,473,214.9838
Training,474,214.9239
Training,475,214.7664
Training,476,214.701
Training,477,214.6103
Training,478,214.562
Training,479,214.4523
Training,480,214.3626
Training,481,214.264
Training,482,214.2396
Training,483,214.1663
Training,484,214.0952
Training,485,214.0026
Training,486,213.9309
Training,487,213.8996
Training,488,213.7911
Training,489,213.7967
Training,490,213.6997
Training,491,213.6868
Training,492,213.5877
Training,493,213.5908
Training,494,213.4684
Training,495,213.467
Training,496,213.4064
Training,497,213.3085
Training,498,213.2919
Training,499,213.2863
Training,500,213.208
Training,501,213.1622
Training,502,213.1092
Training,503,213.1129
Training,504,213.0282
Training,505,213.005
Training,506,212.9456
Training,507,212.9149
Training,508,212.9066
Training,509,212.8485
Training,510,212.8101
Training,511,212.7596
Training,512,212.7429
Training,513,212.6593
Training,514,212.6559
Training,515,212.6377
Training,516,212.5751
Training,517,212.5281
Training,518,212.4827
Training,519,212.4447
Training,520,212.4454
Training,521,212.3682
Training,522,212.3637
Training,523,212.3161
Training,524,212.2833
Training,525,212.2672
Training,526,212.2174
Training,527,212.1945
Training,528,212.1566
Training,529,212.1381
Training,530,212.1052
Training,531,212.0453
Training,532,212.0079
Training,533,211.9724
Training,534,211.9251
Training,535,211.9172
Training,536,211.8834
Training,537,211.8305
Training,538,211.8242
Training,539,211.7837
Training,540,211.7653
Training,541,211.7317
Training,542,211.7123
Training,543,211.669
Training,544,211.6702
Training,545,211.5872
Training,546,211.5536
Training,547,211.5154
Training,548,211.4721
Training,549,211.4678
Training,550,211.412
Training,551,211.394
Training,552,211.3393
Training,553,211.3176
Training,554,211.2728
Training,555,211.2499
Training,556,211.2247
Training,557,211.181
Training,558,211.1629
Training,559,211.1136
Training,560,211.0977
Training,561,211.0444
Training,562,211.0163
Training,563,210.9693
Training,564,210.946
Training,565,210.8913
Training,566,210.8778
Training,567,210.8559
Training,568,210.8341
Training,569,210.7705
Training,570,210.6931
Training,571,210.6873
Training,572,210.6693
Training,573,210.6405
Training,574,210.5605
Training,575,210.562
Training,576,210.5644
Training,577,210.4782
Training,578,210.4604
Training,579,210.3991
Training,580,210.367
Training,581,210.3361
Training,582,210.2825
Training,583,210.2259
Training,584,210.2158
Training,585,210.1769
Training,586,210.1126
Training,587,210.0898
Training,588,210.0797
Training,589,209.9781
Training,590,209.9735
Training,591,209.8994
Training,592,209.8732
Training,593,209.86
Training,594,209.7759
Training,595,209.783
Training,596,209.6971
Training,597,209.6473
Training,598,209.6482
Training,599,209.5726
Training,600,209.5127
Training,601,209.5058
Training,602,209.4124
Training,603,209.4118
Training,604,209.3433
Training,605,209.2716
Training,606,209.2557
Training,607,209.2117
Training,608,209.1593
Training,609,209.0904
Training,610,209.0463
Training,611,209.0325
Training,612,208.9418
Training,613,208.9039
Training,614,208.8698
Training,615,208.7942
Training,616,208.7411
Training,617,208.6925
Training,618,208.6782
Training,619,208.6005
Training,620,208.5475
Training,621,208.4937
Training,622,208.4407
Training,623,208.4091
Training,624,208.3441
Training,625,208.27
Training,626,208.2477
Training,627,208.1763
Training,628,208.1005
Training,629,208.0671
Training,630,208.0427
Training,631,207.9601
Training,632,207.8876
Training,633,207.8544
Training,634,207.7713
Training,635,207.7223
Training,636,207.6542
Training,637,207.6137
Training,638,207.5637
Training,639,207.5241
Training,640,207.4627
Training,641,207.3963
Training,642,207.3438
Training,643,207.2903
Training,644,207.2316
Training,645,207.1773
Training,646,207.1398
Training,647,207.0486
Training,648,207.0196
Training,649,206.9488
Training,650,206.9056
Training,651,206.8172
Training,652,206.8322
Training,653,206.7519
Training,654,206.6642
Training,655,206.6245
Training,656,206.5595
Training,657,206.5066
Training,658,206.5029
Training,659,206.4488
Training,660,206.3572
Training,661,206.3002
Training,662,206.2681
Training,663,206.1885
Training,664,206.153
Training,665,206.0578
Training,666,206.0814
Training,667,205.9674
Training,668,205.9379
Training,669,205.9113
Training,670,205.8465
Training,671,205.7759
Training,672,205.7622
Training,673,205.6429
Training,674,205.6248
Training,675,205.626
Training,676,205.5524
Training,677,205.4943
Training,678,205.4459
Training,679,205.3752
Training,680,205.3141
Training,681,205.2949
Training,682,205.2756
Training,683,205.1956
Training,684,205.1352
Training,685,205.117
Training,686,205.0415
Training,687,205.009
Training,688,204.9974
Training,689,204.953
Training,690,204.8758
Training,691,204.8647
Training,692,204.8081
Training,693,204.7444
Training,694,204.6878
Training,695,204.6894
Training,696,204.625
Training,697,204.596
Training,698,204.5331
Training,699,204.5043
Training,700,204.4571
Training,701,204.4854
Training,702,204.376
Training,703,204.3512
Training,704,204.3116
Training,705,204.2566
Training,706,204.2024
Training,707,204.1867
Training,708,204.1559
Training,709,204.0914
Training,710,204.1137
Training,711,204.0335
Training,712,203.9775
Training,713,203.9289
Training,714,203.9109
Training,715,203.8742
Training,716,203.8462
Training,717,203.7844
Training,718,203.7297
Training,719,203.68
Training,720,203.6675
Training,721,203.6588
Training,722,203.5952
Training,723,203.553
Training,724,203.5382
Training,725,203.4966
Training,726,203.4143
Training,727,203.4254
Training,728,203.3965
Training,729,203.3373
Training,730,203.2992
Training,731,203.2337
Training,732,203.2452
Training,733,203.18
Training,734,203.1536
Training,735,203.1248
Training,736,203.1127
Training,737,203.0621
Training,738,203.0449
Training,739,203.0219
Training,740,202.9342
Training,741,202.9463
Training,742,202.9142
Training,743,202.882
Training,744,202.8379
Training,745,202.8018
Training,746,202.7848
Training,747,202.7413
Training,748,202.7295
Training,749,202.6725
Training,750,202.6582
Training,751,202.6315
Training,752,202.6013
Training,753,202.5839
Training,754,202.5324
Training,755,202.5478
Training,756,202.4643
Training,757,202.4088
Training,758,202.428
Training,759,202.4034
Training,760,202.3651
Training,761,202.3378
Training,762,202.2942
Training,763,202.2768
Training,764,202.2018
Training,765,202.2291
Training,766,202.1929
Training,767,202.1692
Training,768,202.154
Training,769,202.1447
Training,770,202.0716
Training,771,202.0812
Training,772,202.0371
Training,773,202.0322
Training,774,201.9684
Training,775,201.9794
Training,776,201.9432
Training,777,201.8876
Training,778,201.8839
Training,779,201.8671
Training,780,201.8115
Training,781,201.8154
Training,782,201.7801
Training,783,201.6947
Training,784,201.7176
Training,785,201.7378
Training,786,201.6671
Training,787,201.6694
Training,788,201.6252
Training,789,201.6415
Training,790,201.604
Training,791,201.5841
Training,792,201.5782
Training,793,201.515
Training,794,201.4845
Training,795,201.4805
Training,796,201.4657
Training,797,201.4079
Training,798,201.3782
Training,799,201.3371
Training,800,201.4043
Training,801,201.3577
Training,802,201.3165
Training,803,201.2945
Training,804,201.2467
Training,805,201.2448
Training,806,201.2491
Training,807,201.1642
Training,808,201.1681
Training,809,201.1878
Training,810,201.1756
Training,811,201.1101
Training,812,201.1313
Training,813,201.0533
Training,814,201.0543
Training,815,201.0814
Training,816,201.0334
Training,817,200.9917
Training,818,200.9611
Training,819,200.9841
Training,820,200.9327
Training,821,200.9404
Training,822,200.8852
Training,823,200.8614
Training,824,200.846
Training,825,200.8124
Training,826,200.7997
Training,827,200.7756
Training,828,200.7999
Training,829,200.7324
Training,830,200.748
Training,831,200.733
Training,832,200.7002
Training,833,200.7068
Training,834,200.6506
Training,835,200.6347
Training,836,200.6497
Training,837,200.6076
Training,838,200.6201
Training,839,200.5649
Training,840,200.5483
Training,841,200.5178
Training,842,200.5269
Training,843,200.4842
Training,844,200.4952
Training,845,200.469
Training,846,200.4312
Training,847,200.4377
Training,848,200.4218
Training,849,200.405
Training,850,200.3503
Training,851,200.3803
Training,852,200.3762
Training,853,200.3178
Training,854,200.3218
Training,855,200.2217
Training,856,200.2717
Training,857,200.2135
Training,858,200.1968
Training,859,200.2503
Training,860,200.1823
Training,861,200.1579
Training,862,200.1785
Training,863,200.142
Training,864,200.1393
Training,865,200.1364
Training,866,200.1065
Training,867,200.1
Training,868,200.0437
Training,869,200.065
Training,870,200.0518
Training,871,200.0034
Training,872,200.0355
Training,873,199.9566
Training,874,199.9499
Training,875,199.943
Training,876,199.9482
Training,877,199.9288
Training,878,199.931
Training,879,199.8696
Training,880,199.8396
Training,881,199.8689
Training,882,199.8346
Training,883,199.8137
Training,884,199.7535
Training,885,199.8023
Training,886,199.7548
Training,887,199.7548
Training,888,199.7727
Training,889,199.7453
Training,890,199.7321
Training,891,199.6866
Training,892,199.7061
Training,893,199.6716
Training,894,199.6301
Training,895,199.6031
Training,896,199.5947
Training,897,199.5981
Training,898,199.6319
Training,899,199.5549
Training,900,199.5278
Training,901,199.53
Training,902,199.5259
Training,903,199.5312
Training,904,199.5136
Training,905,199.4983
Training,906,199.4548
Training,907,199.4917
Training,908,199.4007
Training,909,199.417
Training,910,199.3964
Training,911,199.4135
Training,912,199.3761
Training,913,199.3792
Training,914,199.3469
Training,915,199.3404
Training,916,199.3365
Training,917,199.2902
Training,918,199.2962
Training,919,199.2853
Training,920,199.3065
Training,921,199.2715
Training,922,199.2282
Training,923,199.2426
Training,924,199.218
Training,925,199.2029
Training,926,199.1579
Training,927,199.1839
Training,928,199.137
Training,929,199.1314
Training,930,199.1475
Training,931,199.1231
Training,932,199.117
Training,933,199.0958
Training,934,199.0886
Training,935,199.0722
Training,936,199.0753
Training,937,199.0884
Training,938,199.0119
Training,939,199.0363
Training,940,198.9967
Training,941,198.9944
Training,942,198.9887
Training,943,198.9675
Training,944,198.976
Training,945,198.9663
Training,946,198.886
Training,947,198.9372
Training,948,198.8944
Training,949,198.8635
Training,950,198.8633
Training,951,198.8883
Training,952,198.8461
Training,953,198.7974
Training,954,198.8036
Training,955,198.8194
Training,956,198.7877
Training,957,198.7758
Training,958,198.7794
Training,959,198.7922
Training,960,198.7763
Training,961,198.7363
Training,962,198.7225
Training,963,198.7098
Training,964,198.6948
Training,965,198.6935
Training,966,198.6755
Training,967,198.6659
Training,968,198.6805
Training,969,198.6792
Training,970,198.6029
Training,971,198.6397
Training,972,198.6445
Training,973,198.5853
Training,974,198.595
Training,975,198.5561
Training,976,198.5597
Training,977,198.5331
Training,978,198.5428
Training,979,198.5697
Training,980,198.4914
Training,981,198.5065
Training,982,198.4668
Training,983,198.5012
Training,984,198.4166
Training,985,198.4674
Training,986,198.4255
Training,987,198.4434
Training,988,198.3972
Training,989,198.4244
Training,990,198.4194
Training,991,198.3811
Training,992,198.3322
Training,993,198.3754
Training,994,198.3712
Training,995,198.3315
Training,996,198.3431
Training,997,198.3305
Training,998,198.2978
Training,999,198.3091
Training,1000,198.2953
Training,1001,198.2531
Training,1002,198.238
Training,1003,198.2193
Training,1004,198.3045
Training,1005,198.2316
Training,1006,198.2314
Training,1007,198.2247
Training,1008,198.1626
Training,1009,198.1718
Training,1010,198.1646
Training,1011,198.1661
Training,1012,198.1595
Training,1013,198.1571
Training,1014,198.1557
Training,1015,198.1616
Training,1016,198.14
Training,1017,198.1086
Training,1018,198.0862
Training,1019,198.0787
Training,1020,198.0838
Training,1021,198.0717
Training,1022,198.0126
Training,1023,198.0427
Training,1024,198.0263
Training,1025,198.0053
Training,1026,197.9919
Training,1027,198.0059
Training,1028,197.9794
Training,1029,197.9706
Training,1030,197.9566
Training,1031,197.9888
Training,1032,197.9296
Training,1033,197.9117
Training,1034,197.9217
Training,1035,197.9063
Training,1036,197.9049
Training,1037,197.8902
Training,1038,197.8875
Training,1039,197.918
Training,1040,197.8738
Training,1041,197.8493
Training,1042,197.8268
Training,1043,197.8055
Training,1044,197.844
Training,1045,197.8117
Training,1046,197.8013
Training,1047,197.8065
Training,1048,197.8026
Training,1049,197.8155
Training,1050,197.7619
Training,1051,197.7366
Training,1052,197.7526
Training,1053,197.754
Training,1054,197.7498
Training,1055,197.732
Training,1056,197.7136
Training,1057,197.6993
Training,1058,197.6668
Training,1059,197.6702
Training,1060,197.6527
Training,1061,197.6359
Training,1062,197.6559
Training,1063,197.6272
Training,1064,197.6142
Training,1065,197.5995
Training,1066,197.5939
Training,1067,197.5893
Training,1068,197.624
Training,1069,197.5484
Training,1070,197.5286
Training,1071,197.5575
Training,1072,197.5532
Training,1073,197.5105
Training,1074,197.5117
Training,1075,197.5219
Training,1076,197.5225
Training,1077,197.4921
Training,1078,197.534
Training,1079,197.4495
Training,1080,197.5021
Training,1081,197.4857
Training,1082,197.4267
Training,1083,197.4522
Training,1084,197.4837
Training,1085,197.4301
Training,1086,197.4185
Training,1087,197.4323
Training,1088,197.4266
Training,1089,197.3839
Training,1090,197.3564
Training,1091,197.3984
Training,1092,197.3601
Training,1093,197.3509
Training,1094,197.3713
Training,1095,197.3678
Training,1096,197.3282
Training,1097,197.3223
Training,1098,197.3415
Training,1099,197.3068
Training,1100,197.3306
Training,1101,197.2945
Training,1102,197.2818
Training,1103,197.2512
Training,1104,197.2723
Training,1105,197.2577
Training,1106,197.2354
Training,1107,197.2451
Training,1108,197.234
Training,1109,197.2163
Training,1110,197.2183
Training,1111,197.2209
Training,1112,197.16
Training,1113,197.2329
Training,1114,197.1993
Training,1115,197.1918
Training,1116,197.1734
Training,1117,197.1621
Training,1118,197.1479
Training,1119,197.1327
Training,1120,197.1212
Training,1121,197.1319
Training,1122,197.1278
Training,1123,197.1108
Training,1124,197.0882
Training,1125,197.118
Training,1126,197.0701
Training,1127,197.0747
Training,1128,197.0484
Training,1129,197.0187
Training,1130,197.0764
Training,1131,197.0446
Training,1132,197.0185
Training,1133,197.0273
Training,1134,197.0285
Training,1135,197.0034
Training,1136,197.0141
Training,1137,196.9716
Training,1138,196.9733
Training,1139,196.9788
Training,1140,196.9589
Training,1141,196.9202
Training,1142,196.9634
Training,1143,196.9627
Training,1144,196.9589
Training,1145,196.9643
Training,1146,196.9107
Training,1147,196.9364
Training,1148,196.8814
Training,1149,196.8755
Training,1150,196.9026
Training,1151,196.8434
Training,1152,196.851
Training,1153,196.8697
Training,1154,196.8578
Training,1155,196.8369
Training,1156,196.8376
Training,1157,196.8365
Training,1158,196.7768
Training,1159,196.8171
Training,1160,196.7899
Training,1161,196.7935
Training,1162,196.7619
Training,1163,196.7837
Training,1164,196.7757
Training,1165,196.7165
Training,1166,196.7496
Training,1167,196.7421
Training,1168,196.7169
Training,1169,196.7384
Training,1170,196.7513
Training,1171,196.7334
Training,1172,196.7258
Training,1173,196.7387
Training,1174,196.6941
Training,1175,196.6783
Training,1176,196.6898
Training,1177,196.6459
Training,1178,196.6726
Training,1179,196.6726
Training,1180,196.6414
Training,1181,196.6309
Training,1182,196.6393
Training,1183,196.6473
Training,1184,196.6436
Training,1185,196.5701
Training,1186,196.6209
Training,1187,196.5686
Training,1188,196.6253
Training,1189,196.5637
Training,1190,196.6022
Training,1191,196.5244
Training,1192,196.5649
Training,1193,196.525
Training,1194,196.5241
Training,1195,196.5552
Training,1196,196.5162
Training,1197,196.5266
Training,1198,196.483
Training,1199,196.4904
Training,1200,196.5297
Training,1201,196.475
Training,1202,196.4927
Training,1203,196.4851
Training,1204,196.4412
Training,1205,196.4673
Training,1206,196.4392
Training,1207,196.4583
Training,1208,196.4418
Training,1209,196.4194
Training,1210,196.4759
Training,1211,196.4119
Training,1212,196.3936
Training,1213,196.4135
Training,1214,196.3828
Training,1215,196.3848
Training,1216,196.3819
Training,1217,196.3518
Training,1218,196.3636
Training,1219,196.3663
Training,1220,196.3605
Training,1221,196.3265
Training,1222,196.3706
Training,1223,196.3658
Training,1224,196.3244
Training,1225,196.2994
Training,1226,196.3504
Training,1227,196.3316
Training,1228,196.2953
Training,1229,196.3028
Training,1230,196.2877
Training,1231,196.2589
Training,1232,196.238
Training,1233,196.2729
Training,1234,196.2497
Training,1235,196.2519
Training,1236,196.2346
Training,1237,196.2459
Training,1238,196.2367
Training,1239,196.2173
Training,1240,196.2037
Training,1241,196.191
Training,1242,196.1964
Training,1243,196.1656
Training,1244,196.1711
Training,1245,196.2039
Training,1246,196.1744
Training,1247,196.1429
Training,1248,196.1733
Training,1249,196.1514
Training,1250,196.149
Training,1251,196.1445
Training,1252,196.1144
Training,1253,196.1395
Training,1254,196.1162
Training,1255,196.1065
Training,1256,196.1166
Training,1257,196.1051
Training,1258,196.0822
Training,1259,196.074
Training,1260,196.0514
Training,1261,196.0611
Training,1262,196.0787
Training,1263,196.0489
Training,1264,196.0353
Training,1265,196.077
Training,1266,196.0637
Training,1267,196.0366
Training,1268,196.0248
Training,1269,196.0247
Training,1270,196.0225
Training,1271,195.9995
Training,1272,195.9614
Training,1273,195.9864
Training,1274,196.0022
Training,1275,195.9909
Training,1276,195.9684
Training,1277,195.9378
Training,1278,195.9429
Training,1279,195.9454
Training,1280,195.967
Training,1281,195.9346
Training,1282,195.9414
Training,1283,195.9123
Training,1284,195.9106
Training,1285,195.8868
Training,1286,195.878
Training,1287,195.8865
Training,1288,195.9135
Training,1289,195.8845
Training,1290,195.8715
Training,1291,195.8628
Training,1292,195.8607
Training,1293,195.8632
Training,1294,195.8295
Training,1295,195.8415
Training,1296,195.8426
Training,1297,195.8694
Training,1298,195.8164
Training,1299,195.825
Training,1300,195.7832
Training,1301,195.7724
Training,1302,195.8023
Training,1303,195.7931
Training,1304,195.7928
Training,1305,195.7868
Training,1306,195.796
Training,1307,195.7847
Training,1308,195.7631
Training,1309,195.7356
Training,1310,195.7476
Training,1311,195.7413
Training,1312,195.7148
Training,1313,195.745
Training,1314,195.6852
Training,1315,195.7095
Training,1316,195.6935
Training,1317,195.6928
Training,1318,195.6802
Training,1319,195.6876
Training,1320,195.6858
Training,1321,195.6919
Training,1322,195.6496
Training,1323,195.6601
Training,1324,195.6316
Training,1325,195.6525
Training,1326,195.6333
Training,1327,195.6457
Training,1328,195.6401
Training,1329,195.6256
Training,1330,195.6216
Training,1331,195.6367
Training,1332,195.5926
Training,1333,195.5695
Training,1334,195.5731
Training,1335,195.5781
Training,1336,195.5633
Training,1337,195.5643
Training,1338,195.5724
Training,1339,195.509
Training,1340,195.5642
Training,1341,195.5542
Training,1342,195.5573
Training,1343,195.5382
Training,1344,195.5554
Training,1345,195.5564
Training,1346,195.5345
Training,1347,195.5159
Training,1348,195.4843
Training,1349,195.5048
Training,1350,195.5181
Training,1351,195.5157
Training,1352,195.4335
Training,1353,195.4591
Training,1354,195.4793
Training,1355,195.4681
Training,1356,195.4419
Training,1357,195.4557
Training,1358,195.4506
Training,1359,195.4491
Training,1360,195.4576
Training,1361,195.4373
Training,1362,195.4303
Training,1363,195.3878
Training,1364,195.4124
Training,1365,195.3729
Training,1366,195.3804
Training,1367,195.3587
Training,1368,195.3843
Training,1369,195.386
Training,1370,195.3902
Training,1371,195.3743
Training,1372,195.3503
Training,1373,195.3633
Training,1374,195.3309
Training,1375,195.3457
Training,1376,195.3491
Training,1377,195.2942
Training,1378,195.2976
Training,1379,195.3143
Training,1380,195.3432
Training,1381,195.2703
Training,1382,195.2749
Training,1383,195.2724
Training,1384,195.2741
Training,1385,195.2861
Training,1386,195.2698
Training,1387,195.2793
Training,1388,195.2505
Training,1389,195.225
Training,1390,195.2552
Training,1391,195.2627
Training,1392,195.2111
Training,1393,195.2313
Training,1394,195.2441
Training,1395,195.2344
Training,1396,195.2083
Training,1397,195.2213
Training,1398,195.2274
Training,1399,195.18
Training,1400,195.1943
Training,1401,195.1799
Training,1402,195.1936
Training,1403,195.1809
Training,1404,195.1423
Training,1405,195.1652
Training,1406,195.1843
Training,1407,195.1218
Training,1408,195.1759
Training,1409,195.1471
Training,1410,195.1334
Training,1411,195.098
Training,1412,195.1386
Training,1413,195.1383
Training,1414,195.0962
Training,1415,195.1337
Training,1416,195.0924
Training,1417,195.0567
Training,1418,195.0864
Training,1419,195.0456
Training,1420,195.0627
Training,1421,195.0946
Training,1422,195.0674
Training,1423,195.0501
Training,1424,195.0855
Training,1425,195.0633
Training,1426,195.0486
Training,1427,195.05
Training,1428,195.0556
Training,1429,195.01
Training,1430,195.0215
Training,1431,194.9956
Training,1432,195.037
Training,1433,194.9985
Training,1434,194.986
Training,1435,194.9728
Training,1436,194.9831
Training,1437,194.9785
Training,1438,194.9407
Training,1439,194.9672
Training,1440,194.976
Training,1441,194.9498
Training,1442,194.9497
Training,1443,194.9567
Training,1444,194.9215
Training,1445,194.9712
Training,1446,194.9134
Training,1447,194.941
Training,1448,194.9129
Training,1449,194.909
Training,1450,194.9182
Training,1451,194.8962
Training,1452,194.9127
Training,1453,194.8949
Training,1454,194.8944
Training,1455,194.8623
Training,1456,194.8658
Training,1457,194.9077
Training,1458,194.8309
Training,1459,194.8545
Training,1460,194.8783
Training,1461,194.8473
Training,1462,194.8504
Training,1463,194.8489
Training,1464,194.8581
Training,1465,194.8068
Training,1466,194.8161
Training,1467,194.8053
Training,1468,194.7875
Training,1469,194.8102
Training,1470,194.8112
Training,1471,194.772
Training,1472,194.8239
Training,1473,194.7705
Training,1474,194.7543
Training,1475,194.7778
Training,1476,194.7558
Training,1477,194.7528
Training,1478,194.7529
Training,1479,194.7259
Training,1480,194.7698
Training,1481,194.7387
Training,1482,194.7698
Training,1483,194.7035
Training,1484,194.7105
Training,1485,194.7291
Training,1486,194.6899
Training,1487,194.7003
Training,1488,194.7205
Training,1489,194.6905
Training,1490,194.701
Training,1491,194.701
Training,1492,194.6859
Training,1493,194.6839
Training,1494,194.7158
Training,1495,194.6722
Training,1496,194.6502
Training,1497,194.6522
Training,1498,194.637
Training,1499,194.6624
Training,1500,194.6625
Training,1501,194.621
Training,1502,194.6287
Training,1503,194.6434
Training,1504,194.6101
Training,1505,194.6139
Training,1506,194.6246
Training,1507,194.5955
Training,1508,194.6118
Training,1509,194.6002
Training,1510,194.6175
Training,1511,194.6229
Training,1512,194.571
Training,1513,194.5944
Training,1514,194.5744
Training,1515,194.6011
Training,1516,194.541
Training,1517,194.5572
Training,1518,194.553
Training,1519,194.5425
Training,1520,194.5296
Training,1521,194.5232
Training,1522,194.5256
Training,1523,194.5408
Training,1524,194.4941
Training,1525,194.5233
Training,1526,194.507
Training,1527,194.5241
Training,1528,194.5182
Training,1529,194.5148
Training,1530,194.4716
Training,1531,194.4948
Training,1532,194.4899
Training,1533,194.489
Training,1534,194.5035
Training,1535,194.4684
Training,1536,194.507
Training,1537,194.4492
Training,1538,194.4448
Training,1539,194.4638
Training,1540,194.4616
Training,1541,194.4445
Training,1542,194.4156
Training,1543,194.425
Training,1544,194.4378
Training,1545,194.4035
Training,1546,194.4418
Training,1547,194.4449
Training,1548,194.4247
Training,1549,194.4079
Training,1550,194.4267
Training,1551,194.3853
Training,1552,194.3887
Training,1553,194.4098
Training,1554,194.3564
Training,1555,194.3669
Training,1556,194.3965
Training,1557,194.3808
Training,1558,194.3693
Training,1559,194.3576
Training,1560,194.3603
Training,1561,194.3517
Training,1562,194.3216
Training,1563,194.3597
Training,1564,194.3345
Training,1565,194.3323
Training,1566,194.367
Training,1567,194.3243
Training,1568,194.3117
Training,1569,194.3157
Training,1570,194.3061
Training,1571,194.3002
Training,1572,194.3046
Training,1573,194.2856
Training,1574,194.2498
Training,1575,194.3278
Training,1576,194.2857
Training,1577,194.2817
Training,1578,194.2952
Training,1579,194.2756
Training,1580,194.2529
Training,1581,194.2329
Training,1582,194.2701
Training,1583,194.2275
Training,1584,194.2422
Training,1585,194.2595
Training,1586,194.2787
Training,1587,194.2393
Training,1588,194.2362
Training,1589,194.2286
Training,1590,194.2115
Training,1591,194.1931
Training,1592,194.1957
Training,1593,194.1848
Training,1594,194.2168
Training,1595,194.1986
Training,1596,194.2175
Training,1597,194.16
Training,1598,194.1871
Training,1599,194.1323
Training,1600,194.2018
Training,1601,194.1776
Training,1602,194.1972
Training,1603,194.1561
Training,1604,194.147
Training,1605,194.1698
Training,1606,194.1335
Training,1607,194.14
Training,1608,194.1324
Training,1609,194.1213
Training,1610,194.094
Training,1611,194.1114
Training,1612,194.1233
Training,1613,194.1303
Training,1614,194.11
Training,1615,194.098
Training,1616,194.1347
Training,1617,194.0916
Training,1618,194.1062
Training,1619,194.0905
Training,1620,194.092
Training,1621,194.0849
Training,1622,194.0815
Training,1623,194.0528
Training,1624,194.0556
Training,1625,194.079
Training,1626,194.0453
Training,1627,194.0651
Training,1628,194.0648
Training,1629,194.0423
Training,1630,194.0427
Training,1631,193.9884
Training,1632,194.0382
Training,1633,194.0329
Training,1634,193.9941
Training,1635,194.0269
Training,1636,193.9982
Training,1637,194.0126
Training,1638,193.9861
Training,1639,193.9804
Training,1640,193.9908
Training,1641,193.9827
Training,1642,193.9892
Training,1643,193.9684
Training,1644,193.9948
Training,1645,193.9666
Training,1646,194.0068
Training,1647,193.9447
Training,1648,193.95
Training,1649,193.9633
Training,1650,193.9547
Training,1651,193.9578
Training,1652,193.9259
Training,1653,193.9425
Training,1654,193.9655
Training,1655,193.9141
Training,1656,193.9127
Training,1657,193.9304
Training,1658,193.9467
Training,1659,193.9072
Training,1660,193.9115
Training,1661,193.9249
Training,1662,193.9451
Training,1663,193.8971
Training,1664,193.8817
Training,1665,193.8945
Training,1666,193.8774
Training,1667,193.8803
Training,1668,193.8655
Training,1669,193.9077
Training,1670,193.8434
Training,1671,193.8683
Training,1672,193.8594
Training,1673,193.8629
Training,1674,193.8758
Training,1675,193.8349
Training,1676,193.8378
Training,1677,193.8415
Training,1678,193.8651
Training,1679,193.8542
Training,1680,193.831
Training,1681,193.8431
Training,1682,193.8186
Training,1683,193.8105
Training,1684,193.8234
Training,1685,193.803
Training,1686,193.8207
Training,1687,193.8002
Training,1688,193.8207
Training,1689,193.7856
Training,1690,193.7684
Training,1691,193.7698
Training,1692,193.7911
Training,1693,193.8213
Training,1694,193.7869
Training,1695,193.7422
Training,1696,193.7472
Training,1697,193.7522
Training,1698,193.7409
Training,1699,193.7658
Training,1700,193.7327
Training,1701,193.7326
Training,1702,193.7516
Training,1703,193.7569
Training,1704,193.7166
Training,1705,193.7503
Training,1706,193.7606
Training,1707,193.6995
Training,1708,193.7081
Training,1709,193.7119
Training,1710,193.6957
Training,1711,193.7244
Training,1712,193.7003
Training,1713,193.6873
Training,1714,193.6968
Training,1715,193.6825
Training,1716,193.7022
Training,1717,193.6651
Training,1718,193.697
Training,1719,193.6831
Training,1720,193.6814
Training,1721,193.6862
Training,1722,193.6856
Training,1723,193.6738
Training,1724,193.6657
Training,1725,193.6014
Training,1726,193.6404
Training,1727,193.6263
Training,1728,193.6426
Training,1729,193.6279
Training,1730,193.6031
Training,1731,193.613
Training,1732,193.6187
Training,1733,193.6154
Training,1734,193.6232
Training,1735,193.6325
Training,1736,193.6079
Training,1737,193.6014
Training,1738,193.5703
Training,1739,193.6077
Training,1740,193.583
Training,1741,193.596
Training,1742,193.5768
Training,1743,193.5948
Training,1744,193.5724
Training,1745,193.5769
Training,1746,193.5472
Training,1747,193.5449
Training,1748,193.5701
Training,1749,193.5652
Training,1750,193.5777
Training,1751,193.5588
Training,1752,193.547
Training,1753,193.5293
Training,1754,193.5433
Training,1755,193.5367
Training,1756,193.5595
Training,1757,193.5294
Training,1758,193.502
Training,1759,193.5445
Training,1760,193.5312
Training,1761,193.4949
Training,1762,193.5173
Training,1763,193.5245
Training,1764,193.5011
Training,1765,193.4925
Training,1766,193.5075
Training,1767,193.4788
Training,1768,193.5126
Training,1769,193.4845
Training,1770,193.4932
Training,1771,193.4738
Training,1772,193.4819
Training,1773,193.4698
Training,1774,193.4741
Training,1775,193.4571
Training,1776,193.4662
Training,1777,193.4589
Training,1778,193.4516
Training,1779,193.4665
Training,1780,193.4387
Training,1781,193.435
Training,1782,193.4449
Training,1783,193.4233
Training,1784,193.4177
Training,1785,193.4168
Training,1786,193.4335
Training,1787,193.4404
Training,1788,193.4247
Training,1789,193.3989
Training,1790,193.4152
Training,1791,193.3865
Training,1792,193.4135
Training,1793,193.4115
Training,1794,193.3808
Training,1795,193.4238
Training,1796,193.404
Training,1797,193.3799
Training,1798,193.3881
Training,1799,193.3779
Training,1800,193.3896
Training,1801,193.3764
Training,1802,193.4003
Training,1803,193.3558
Training,1804,193.3553
Training,1805,193.3485
Training,1806,193.3657
Training,1807,193.3656
Training,1808,193.3544
Training,1809,193.3473
Training,1810,193.3451
Training,1811,193.3179
Training,1812,193.3285
Training,1813,193.3293
Training,1814,193.3216
Training,1815,193.3123
Training,1816,193.3315
Training,1817,193.3128
Training,1818,193.2968
Training,1819,193.3083
Training,1820,193.3222
Training,1821,193.3016
Training,1822,193.3182
Training,1823,193.2881
Training,1824,193.2979
Training,1825,193.2479
Training,1826,193.2923
Training,1827,193.2787
Training,1828,193.2915
Training,1829,193.2693
Training,1830,193.2664
Training,1831,193.2695
Training,1832,193.2727
Training,1833,193.2455
Training,1834,193.2467
Training,1835,193.2487
Training,1836,193.2297
Training,1837,193.2689
Training,1838,193.2406
Training,1839,193.238
Training,1840,193.2289
Training,1841,193.2385
Training,1842,193.2423
Training,1843,193.1954
Training,1844,193.2259
Training,1845,193.2258
Training,1846,193.203
Training,1847,193.2413
Training,1848,193.2079
Training,1849,193.2216
Training,1850,193.2028
Training,1851,193.2099
Training,1852,193.1795
Training,1853,193.175
Training,1854,193.1763
Training,1855,193.1619
Training,1856,193.1883
Training,1857,193.1906
Training,1858,193.1694
Training,1859,193.1488
Training,1860,193.16
Training,1861,193.1672
Training,1862,193.1385
Training,1863,193.1672
Training,1864,193.1427
Training,1865,193.147
Training,1866,193.1384
Training,1867,193.1731
Training,1868,193.1331
Training,1869,193.122
Training,1870,193.1524
Training,1871,193.1074
Training,1872,193.1273
Training,1873,193.1446
Training,1874,193.1076
Training,1875,193.1026
Training,1876,193.1196
Training,1877,193.1121
Training,1878,193.113
Training,1879,193.1256
Training,1880,193.1088
Training,1881,193.0974
Training,1882,193.1093
Training,1883,193.1005
Training,1884,193.0994
Training,1885,193.0985
Training,1886,193.1019
Training,1887,193.0673
Training,1888,193.0771
Training,1889,193.0817
Training,1890,193.0732
Training,1891,193.0761
Training,1892,193.0826
Training,1893,193.0739
Training,1894,193.0647
Training,1895,193.0515
Training,1896,193.0535
Training,1897,193.0683
Training,1898,193.0315
Training,1899,193.0491
Training,1900,193.0388
Training,1901,193.0386
Training,1902,193.0389
Training,1903,193.0505
Training,1904,192.994
Training,1905,193.0234
Training,1906,193.0419
Training,1907,193.0337
Training,1908,193.0159
Training,1909,193.0565
Training,1910,192.9984
Training,1911,193.0143
Training,1912,193.0298
Training,1913,193.008
Training,1914,192.9716
Training,1915,192.9733
Training,1916,192.9871
Training,1917,192.9748
Training,1918,193.0113
Training,1919,192.9459
Training,1920,192.9814
Training,1921,192.9399
Training,1922,192.9838
Training,1923,192.9705
Training,1924,192.9707
Training,1925,192.9458
Training,1926,192.944
Training,1927,192.9312
Training,1928,192.9299
Training,1929,192.9658
Training,1930,192.9467
Training,1931,192.911
Training,1932,192.9374
Training,1933,192.9412
Training,1934,192.9532
Training,1935,192.9279
Training,1936,192.9548
Training,1937,192.9492
Training,1938,192.9338
Training,1939,192.8857
Training,1940,192.9114
Training,1941,192.8966
Training,1942,192.9111
Training,1943,192.9182
Training,1944,192.9128
Training,1945,192.9062
Training,1946,192.902
Training,1947,192.8801
Training,1948,192.8705
Training,1949,192.9029
Training,1950,192.8876
Training,1951,192.8755
Training,1952,192.8988
Training,1953,192.8825
Training,1954,192.8773
Training,1955,192.8536
Training,1956,192.8558
Training,1957,192.8535
Training,1958,192.8625
Training,1959,192.861
Training,1960,192.8712
Training,1961,192.8727
Training,1962,192.8659
Training,1963,192.8475
Training,1964,192.8593
Training,1965,192.8104
Training,1966,192.8389
Training,1967,192.8316
Training,1968,192.8352
Training,1969,192.812
Training,1970,192.8259
Training,1971,192.8361
Training,1972,192.8324
Training,1973,192.7984
Training,1974,192.7975
Training,1975,192.826
Training,1976,192.8208
Training,1977,192.7977
Training,1978,192.8135
Training,1979,192.7997
Training,1980,192.801
Training,1981,192.8006
Training,1982,192.8138
Training,1983,192.7914
Training,1984,192.7969
Training,1985,192.7957
Training,1986,192.7422
Training,1987,192.7694
Training,1988,192.7927
Training,1989,192.7742
Training,1990,192.7859
Training,1991,192.7786
Training,1992,192.7745
Training,1993,192.755
Training,1994,192.7854
Training,1995,192.7622
Training,1996,192.7639
Training,1997,192.7608
Training,1998,192.744
Training,1999,192.7469
Training,2000,192.76
Training,2001,192.7392
Training,2002,192.7416
Training,2003,192.7294
Training,2004,192.7148
Training,2005,192.7192
Training,2006,192.7228
Training,2007,192.7178
Training,2008,192.728
Training,2009,192.7202
Training,2010,192.6962
Training,2011,192.6915
Training,2012,192.6851
Training,2013,192.6916
Training,2014,192.7225
Training,2015,192.694
Training,2016,192.6848
Training,2017,192.7001
Training,2018,192.7053
Training,2019,192.6998
Training,2020,192.6682
Training,2021,192.6784
Training,2022,192.6695
Training,2023,192.6643
Training,2024,192.6744
Training,2025,192.6818
Training,2026,192.6144
Training,2027,192.6589
Training,2028,192.663
Training,2029,192.6815
Training,2030,192.6736
Training,2031,192.6394
Training,2032,192.6473
Training,2033,192.6746
Training,2034,192.6539
Training,2035,192.6297
Training,2036,192.6501
Training,2037,192.6579
Training,2038,192.6336
Training,2039,192.6225
Training,2040,192.6224
Training,2041,192.6332
Training,2042,192.6098
Training,2043,192.5871
Training,2044,192.6098
Training,2045,192.6355
Training,2046,192.5782
Training,2047,192.623
Training,2048,192.621
Training,2049,192.5949
Training,2050,192.5967
Training,2051,192.5962
Training,2052,192.5901
Training,2053,192.5996
Training,2054,192.6021
Training,2055,192.5803
Training,2056,192.5797
Training,2057,192.5946
Training,2058,192.5655
Training,2059,192.5608
Training,2060,192.5786
Training,2061,192.5512
Training,2062,192.5507
Training,2063,192.5494
Training,2064,192.5513
Training,2065,192.5841
Training,2066,192.5594
Training,2067,192.5612
Training,2068,192.5617
Training,2069,192.5285
Training,2070,192.5478
Training,2071,192.5085
Training,2072,192.5378
Training,2073,192.5298
Training,2074,192.5443
Training,2075,192.515
Training,2076,192.5092
Training,2077,192.5002
Training,2078,192.5473
Training,2079,192.5427
Training,2080,192.5115
Training,2081,192.568
Training,2082,192.5266
Training,2083,192.4945
Training,2084,192.5118
Training,2085,192.5002
Training,2086,192.5072
Training,2087,192.5027
Training,2088,192.5164
Training,2089,192.5368
Training,2090,192.4881
Training,2091,192.5081
Training,2092,192.4892
Training,2093,192.4496
Training,2094,192.4737
Training,2095,192.4702
Training,2096,192.4579
Training,2097,192.4788
Training,2098,192.4463
Training,2099,192.4613
Training,2100,192.4384
Training,2101,192.4605
Training,2102,192.4679
Training,2103,192.4446
Training,2104,192.4476
Training,2105,192.4427
Training,2106,192.4758
Training,2107,192.4727
Training,2108,192.4391
Training,2109,192.4173
Training,2110,192.4549
Training,2111,192.4665
Training,2112,192.4437
Training,2113,192.4266
Training,2114,192.4258
Training,2115,192.4115
Training,2116,192.4228
Training,2117,192.4328
Training,2118,192.426
Training,2119,192.4147
Training,2120,192.4142
Training,2121,192.394
Training,2122,192.4126
Training,2123,192.3924
Training,2124,192.42
Training,2125,192.4144
Training,2126,192.4139
Training,2127,192.395
Training,2128,192.4207
Training,2129,192.3816
Training,2130,192.3849
Training,2131,192.3938
Training,2132,192.4046
Training,2133,192.364
Training,2134,192.3681
Training,2135,192.3631
Training,2136,192.3861
Training,2137,192.3691
Training,2138,192.344
Training,2139,192.3438
Training,2140,192.3785
Training,2141,192.3689
Training,2142,192.3809
Training,2143,192.3399
Training,2144,192.3466
Training,2145,192.3502
Training,2146,192.3486
Training,2147,192.3666
Training,2148,192.3498
Training,2149,192.3369
Training,2150,192.3411
Training,2151,192.3226
Training,2152,192.357
Training,2153,192.3523
Training,2154,192.3265
Training,2155,192.2919
Training,2156,192.302
Training,2157,192.3301
Training,2158,192.2957
Training,2159,192.3259
Training,2160,192.3414
Training,2161,192.2907
Training,2162,192.3389
Training,2163,192.3331
Training,2164,192.2896
Training,2165,192.2965
Training,2166,192.3126
Training,2167,192.3064
Training,2168,192.3117
Training,2169,192.314
Training,2170,192.3068
Training,2171,192.2802
Training,2172,192.3084
Training,2173,192.3044
Training,2174,192.2779
Training,2175,192.2953
Training,2176,192.2462
Training,2177,192.2845
Training,2178,192.2687
Training,2179,192.2797
Training,2180,192.2703
Training,2181,192.2916
Training,2182,192.2555
Training,2183,192.2463
Training,2184,192.255
Training,2185,192.2445
Training,2186,192.2697
Training,2187,192.2288
Training,2188,192.2643
Training,2189,192.2342
Training,2190,192.2385
Training,2191,192.2315
Training,2192,192.2414
Training,2193,192.2045
Training,2194,192.2309
Training,2195,192.2216
Training,2196,192.2277
Training,2197,192.2152
Training,2198,192.2418
Training,2199,192.2352
Training,2200,192.2017
Training,2201,192.2015
Training,2202,192.2386
Training,2203,192.213
Training,2204,192.2212
Training,2205,192.1985
Training,2206,192.2046
Training,2207,192.1934
Training,2208,192.1847
Training,2209,192.1938
Training,2210,192.1862
Training,2211,192.1836
Training,2212,192.1907
Training,2213,192.1575
Training,2214,192.1727
Training,2215,192.1655
Training,2216,192.166
Training,2217,192.2001
Training,2218,192.1507
Training,2219,192.1667
Training,2220,192.1445
Training,2221,192.156
Training,2222,192.1603
Training,2223,192.1442
Training,2224,192.1721
Training,2225,192.1684
Training,2226,192.1581
Training,2227,192.1706
Training,2228,192.129
Training,2229,192.157
Training,2230,192.1345
Training,2231,192.1391
Training,2232,192.1568
Training,2233,192.121
Training,2234,192.1612
Training,2235,192.1244
Training,2236,192.1366
Training,2237,192.0959
Training,2238,192.0955
Training,2239,192.1241
Training,2240,192.1024
Training,2241,192.1244
Training,2242,192.0888
Training,2243,192.1061
Training,2244,192.1386
Training,2245,192.1319
Training,2246,192.1131
Training,2247,192.1291
Training,2248,192.0879
Training,2249,192.1347
Training,2250,192.0955
Training,2251,192.1086
Training,2252,192.1077
Training,2253,192.0739
Training,2254,192.1094
Training,2255,192.092
Training,2256,192.0925
Training,2257,192.0917
Training,2258,192.1009
Training,2259,192.0998
Training,2260,192.0634
Training,2261,192.0584
Training,2262,192.0665
Training,2263,192.0759
Training,2264,192.0434
Training,2265,192.0829
Training,2266,192.034
Training,2267,192.0751
Training,2268,192.0711
Training,2269,192.0557
Training,2270,192.0468
Training,2271,192.0641
Training,2272,192.0224
Training,2273,192.0237
Training,2274,192.0496
Training,2275,192.0387
Training,2276,192.0161
Training,2277,192.0537
Training,2278,192.0351
Training,2279,192.0297
Training,2280,192.0316
Training,2281,192.0177
Training,2282,191.9961
Training,2283,192.0468
Training,2284,192.0353
Training,2285,191.9942
Training,2286,192.0243
Training,2287,192.0079
Training,2288,192.0003
Training,2289,192.0378
Training,2290,192.0074
Training,2291,191.9985
Training,2292,192.0073
Training,2293,191.9848
Training,2294,191.9991
Training,2295,191.9927
Training,2296,191.9393
Training,2297,191.9801
Training,2298,191.9729
Training,2299,192.0228
Training,2300,192.0026
Training,2301,191.9821
Training,2302,191.9724
Training,2303,191.969
Training,2304,191.9793
Training,2305,191.959
Training,2306,191.9561
Training,2307,191.9744
Training,2308,191.9809
Training,2309,191.961
Training,2310,191.9489
Training,2311,191.9448
Training,2312,191.9556
Training,2313,191.9521
Training,2314,191.9719
Training,2315,191.9676
Training,2316,191.9205
Training,2317,191.971
Training,2318,191.9171
Training,2319,191.9332
Training,2320,191.9436
Training,2321,191.9365
Training,2322,191.9475
Training,2323,191.9393
Training,2324,191.948
Training,2325,191.9373
Training,2326,191.9285
Training,2327,191.8959
Training,2328,191.9039
Training,2329,191.9176
Training,2330,191.9072
Training,2331,191.9011
Training,2332,191.9264
Training,2333,191.9203
Training,2334,191.8867
Training,2335,191.8926
Training,2336,191.8883
Training,2337,191.9305
Training,2338,191.9299
Training,2339,191.896
Training,2340,191.9
Training,2341,191.8993
Training,2342,191.8878
Training,2343,191.8985
Training,2344,191.8973
Training,2345,191.9026
Training,2346,191.9171
Training,2347,191.8688
Training,2348,191.8798
Training,2349,191.8686
Training,2350,191.8911
Training,2351,191.8712
Training,2352,191.8611
Training,2353,191.872
Training,2354,191.894
Training,2355,191.8675
Training,2356,191.8464
Training,2357,191.8506
Training,2358,191.85
Training,2359,191.8631
Training,2360,191.889
Training,2361,191.8487
Training,2362,191.8488
Training,2363,191.8477
Training,2364,191.8432
Training,2365,191.8296
Training,2366,191.8326
Training,2367,191.8491
Training,2368,191.853
Training,2369,191.8247
Training,2370,191.8374
Training,2371,191.8312
Training,2372,191.8173
Training,2373,191.8448
Training,2374,191.813
Training,2375,191.8108
Training,2376,191.8328
Training,2377,191.8199
Training,2378,191.8029
Training,2379,191.7823
Training,2380,191.8141
Training,2381,191.8205
Training,2382,191.8117
Training,2383,191.8136
Training,2384,191.8205
Training,2385,191.7892
Training,2386,191.7786
Training,2387,191.7998
Training,2388,191.7887
Training,2389,191.7889
Training,2390,191.7827
Training,2391,191.7881
Training,2392,191.7898
Training,2393,191.7902
Training,2394,191.774
Training,2395,191.7743
Training,2396,191.7946
Training,2397,191.7538
Training,2398,191.7598
Training,2399,191.7733
Training,2400,191.7535
Training,2401,191.7636
Training,2402,191.7642
Training,2403,191.7587
Training,2404,191.7564
Training,2405,191.7556
Training,2406,191.7634
Training,2407,191.7606
Training,2408,191.7575
Training,2409,191.7652
Training,2410,191.7573
Training,2411,191.7487
Training,2412,191.7572
Training,2413,191.7557
Training,2414,191.7531
Training,2415,191.7398
Training,2416,191.7189
Training,2417,191.7119
Training,2418,191.7202
Training,2419,191.7309
Training,2420,191.7028
Training,2421,191.7177
Training,2422,191.7199
Training,2423,191.7219
Training,2424,191.7197
Training,2425,191.7307
Training,2426,191.7109
Training,2427,191.6905
Training,2428,191.7057
Training,2429,191.7165
Training,2430,191.7202
Training,2431,191.6988
Training,2432,191.7096
Training,2433,191.7175
Training,2434,191.6925
Training,2435,191.705
Training,2436,191.7116
Training,2437,191.6959
Training,2438,191.6969
Training,2439,191.6674
Training,2440,191.709
Training,2441,191.6884
Training,2442,191.6661
Training,2443,191.6808
Training,2444,191.6753
Training,2445,191.6583
Training,2446,191.6634
Training,2447,191.6552
Training,2448,191.6778
Training,2449,191.6677
Training,2450,191.6561
Training,2451,191.6477
Training,2452,191.6614
Training,2453,191.6633
Training,2454,191.6528
Training,2455,191.6732
Training,2456,191.6411
Training,2457,191.6487
Training,2458,191.6152
Training,2459,191.6327
Training,2460,191.6217
Training,2461,191.6486
Training,2462,191.6445
Training,2463,191.6413
Training,2464,191.651
Training,2465,191.61
Training,2466,191.6616
Training,2467,191.6222
Training,2468,191.6254
Training,2469,191.6169
Training,2470,191.6367
Training,2471,191.6379
Training,2472,191.5871
Training,2473,191.6392
Training,2474,191.6171
Training,2475,191.6452
Training,2476,191.6128
Training,2477,191.6191
Training,2478,191.6438
Training,2479,191.5887
Training,2480,191.6187
Training,2481,191.6214
Training,2482,191.6119
Training,2483,191.5926
Training,2484,191.5887
Training,2485,191.595
Training,2486,191.5829
Training,2487,191.6036
Training,2488,191.5919
Training,2489,191.5976
Training,2490,191.5737
Training,2491,191.5993
Training,2492,191.5967
Training,2493,191.5743
Training,2494,191.6098
Training,2495,191.5927
Training,2496,191.5738
Training,2497,191.5967
Training,2498,191.5729
Training,2499,191.5732
Training,2500,191.5586
Training,2501,191.5748
Training,2502,191.5418
Training,2503,191.5439
Training,2504,191.5527
Training,2505,191.5703
Training,2506,191.573
Training,2507,191.5668
Training,2508,191.5475
Training,2509,191.5725
Training,2510,191.5103
Training,2511,191.5617
Training,2512,191.5507
Training,2513,191.5339
Training,2514,191.5521
Training,2515,191.5361
Training,2516,191.5426
Training,2517,191.5536
Training,2518,191.5097
Training,2519,191.5186
Training,2520,191.5459
Training,2521,191.5279
Training,2522,191.5165
Training,2523,191.5213
Training,2524,191.5153
Training,2525,191.528
Training,2526,191.5123
Training,2527,191.5303
Training,2528,191.5077
Training,2529,191.5176
Training,2530,191.5079
Training,2531,191.4937
Training,2532,191.501
Training,2533,191.5096
Training,2534,191.4957
Training,2535,191.4566
Training,2536,191.479
Training,2537,191.5254
Training,2538,191.4686
Training,2539,191.4962
Training,2540,191.5069
Training,2541,191.4879
Training,2542,191.4704
Training,2543,191.4808
Training,2544,191.4767
Training,2545,191.4638
Training,2546,191.4751
Training,2547,191.4784
Training,2548,191.4714
Training,2549,191.4751
Training,2550,191.4753
Training,2551,191.4897
Training,2552,191.476
Training,2553,191.4593
Training,2554,191.4665
Training,2555,191.484
Training,2556,191.4543
Training,2557,191.4759
Training,2558,191.4715
Training,2559,191.4639
Training,2560,191.4755
Training,2561,191.4518
Training,2562,191.4449
Training,2563,191.4418
Training,2564,191.4532
Training,2565,191.4391
Training,2566,191.4352
Training,2567,191.4479
Training,2568,191.4371
Training,2569,191.4521
Training,2570,191.4279
Training,2571,191.4472
Training,2572,191.4317
Training,2573,191.4428
Training,2574,191.4341
Training,2575,191.4266
Training,2576,191.4114
Training,2577,191.4273
Training,2578,191.4018
Training,2579,191.4219
Training,2580,191.4004
Training,2581,191.4257
Training,2582,191.4146
Training,2583,191.4079
Training,2584,191.4217
Training,2585,191.4343
Training,2586,191.4018
Training,2587,191.4168
Training,2588,191.3949
Training,2589,191.381
Training,2590,191.4055
Training,2591,191.4095
Training,2592,191.3863
Training,2593,191.3996
Training,2594,191.3999
Training,2595,191.3783
Training,2596,191.3753
Training,2597,191.3946
Training,2598,191.3631
Training,2599,191.3854
Training,2600,191.3747
Training,2601,191.3822
Training,2602,191.3779
Training,2603,191.3891
Training,2604,191.3497
Training,2605,191.3611
Training,2606,191.3824
Training,2607,191.3743
Training,2608,191.3664
Training,2609,191.366
Training,2610,191.3507
Training,2611,191.3575
Training,2612,191.3517
Training,2613,191.3375
Training,2614,191.3319
Training,2615,191.3483
Training,2616,191.3488
Training,2617,191.3685
Training,2618,191.3486
Training,2619,191.3458
Training,2620,191.352
Training,2621,191.3518
Training,2622,191.3342
Training,2623,191.3479
Training,2624,191.3227
Training,2625,191.327
Training,2626,191.3374
Training,2627,191.2828
Training,2628,191.3383
Training,2629,191.3465
Training,2630,191.3169
Training,2631,191.3352
Training,2632,191.3093
Training,2633,191.3396
Training,2634,191.3105
Training,2635,191.3176
Training,2636,191.3316
Training,2637,191.3185
Training,2638,191.3069
Training,2639,191.3257
Training,2640,191.2857
Training,2641,191.3028
Training,2642,191.2813
Training,2643,191.2946
Training,2644,191.2919
Training,2645,191.2768
Training,2646,191.3206
Training,2647,191.3192
Training,2648,191.3259
Training,2649,191.3068
Training,2650,191.2944
Training,2651,191.2724
Training,2652,191.2937
Training,2653,191.2872
Training,2654,191.2941
Training,2655,191.2893
Training,2656,191.2673
Training,2657,191.2769
Training,2658,191.2774
Training,2659,191.2877
Training,2660,191.2627
Training,2661,191.2684
Training,2662,191.2645
Training,2663,191.2729
Training,2664,191.2814
Training,2665,191.2836
Training,2666,191.2532
Training,2667,191.2571
Training,2668,191.2461
Training,2669,191.2555
Training,2670,191.2472
Training,2671,191.2496
Training,2672,191.2268
Training,2673,191.2739
Training,2674,191.2563
Training,2675,191.2261
Training,2676,191.2472
Training,2677,191.2537
Training,2678,191.238
Training,2679,191.2198
Training,2680,191.2356
Training,2681,191.2123
Training,2682,191.2414
Training,2683,191.2212
Training,2684,191.2342
Training,2685,191.2532
Training,2686,191.2318
Training,2687,191.2192
Training,2688,191.2255
Training,2689,191.2179
Training,2690,191.2154
Training,2691,191.2527
Training,2692,191.2019
Training,2693,191.1987
Training,2694,191.226
Training,2695,191.2138
Training,2696,191.2244
Training,2697,191.1994
Training,2698,191.2087
Training,2699,191.2036
Training,2700,191.213
Training,2701,191.1941
Training,2702,191.2039
Training,2703,191.2176
Training,2704,191.1996
Training,2705,191.1799
Training,2706,191.2006
Training,2707,191.1652
Training,2708,191.1892
Training,2709,191.1627
Training,2710,191.1571
Training,2711,191.1786
Training,2712,191.1746
Training,2713,191.1868
Training,2714,191.1895
Training,2715,191.1869
Training,2716,191.1775
Training,2717,191.1756
Training,2718,191.1803
Training,2719,191.1793
Training,2720,191.1532
Training,2721,191.1459
Training,2722,191.1533
Training,2723,191.1473
Training,2724,191.1537
Training,2725,191.1312
Training,2726,191.1542
Training,2727,191.1683
Training,2728,191.1447
Training,2729,191.14
Training,2730,191.1704
Training,2731,191.1473
Training,2732,191.1389
Training,2733,191.1398
Training,2734,191.1674
Training,2735,191.119
Training,2736,191.1202
Training,2737,191.1499
Training,2738,191.1652
Training,2739,191.1484
Training,2740,191.1256
Training,2741,191.1255
Training,2742,191.137
Training,2743,191.1412
Training,2744,191.1452
Training,2745,191.1256
Training,2746,191.1084
Training,2747,191.1287
Training,2748,191.1318
Training,2749,191.1176
Training,2750,191.1004
Training,2751,191.1221
Training,2752,191.1082
Training,2753,191.1179
Training,2754,191.1119
Training,2755,191.1064
Training,2756,191.0561
Training,2757,191.091
Training,2758,191.1059
Training,2759,191.1068
Training,2760,191.1049
Training,2761,191.0891
Training,2762,191.1019
Training,2763,191.1073
Training,2764,191.0886
Training,2765,191.0769
Training,2766,191.1073
Training,2767,191.0687
Training,2768,191.1131
Training,2769,191.0823
Training,2770,191.0909
Training,2771,191.1007
Training,2772,191.0929
Training,2773,191.0708
Training,2774,191.0905
Training,2775,191.0883
Training,2776,191.0777
Training,2777,191.081
Training,2778,191.0555
Training,2779,191.0841
Training,2780,191.0736
Training,2781,191.0661
Training,2782,191.0421
Training,2783,191.0641
Training,2784,191.0671
Training,2785,191.0509
Training,2786,191.0697
Training,2787,191.0527
Training,2788,191.0658
Training,2789,191.0408
Training,2790,191.0431
Training,2791,191.0582
Training,2792,191.0291
Training,2793,191.0318
Training,2794,191.0342
Training,2795,191.0459
Training,2796,191.0563
Training,2797,191.0594
Training,2798,191.0282
Training,2799,191.0519
Training,2800,191.0308
Training,2801,191.0059
Training,2802,191.0087
Training,2803,191.0203
Training,2804,191.0389
Training,2805,191.0145
Training,2806,191.0302
Training,2807,191.0313
Training,2808,191.0343
Training,2809,190.9987
Training,2810,191.0164
Training,2811,190.9942
Training,2812,191.0106
Training,2813,191.0079
Training,2814,191.0032
Training,2815,191.0025
Training,2816,190.9982
Training,2817,191.0419
Training,2818,191.0013
Training,2819,190.992
Training,2820,191.0119
Training,2821,191.0151
Training,2822,190.9901
Training,2823,190.9984
Training,2824,191.042
Training,2825,190.9851
Training,2826,190.951
Training,2827,190.9533
Training,2828,190.9885
Training,2829,190.9959
Training,2830,191.0039
Training,2831,190.9858
Training,2832,190.9815
Training,2833,190.9949
Training,2834,190.9598
Training,2835,190.9552
Training,2836,190.968
Training,2837,190.936
Training,2838,190.9653
Training,2839,190.9675
Training,2840,190.982
Training,2841,190.9851
Training,2842,190.9546
Training,2843,190.9572
Training,2844,190.9485
Training,2845,190.9563
Training,2846,190.9598
Training,2847,190.9661
Training,2848,190.9717
Training,2849,190.986
Training,2850,190.9442
Training,2851,190.9343
Training,2852,190.9385
Training,2853,190.9603
Training,2854,190.9553
Training,2855,190.9546
Training,2856,190.9074
Training,2857,190.942
Training,2858,190.9293
Training,2859,190.93
Training,2860,190.9043
Training,2861,190.9386
Training,2862,190.926
Training,2863,190.911
Training,2864,190.9653
Training,2865,190.9232
Training,2866,190.9042
Training,2867,190.905
Training,2868,190.923
Training,2869,190.9318
Training,2870,190.9237
Training,2871,190.9276
Training,2872,190.9017
Training,2873,190.922
Training,2874,190.8985
Training,2875,190.9121
Training,2876,190.9
Training,2877,190.9095
Training,2878,190.9308
Training,2879,190.9001
Training,2880,190.9005
Training,2881,190.8979
Training,2882,190.9019
Training,2883,190.8967
Training,2884,190.8956
Training,2885,190.9055
Training,2886,190.8905
Training,2887,190.9049
Training,2888,190.8855
Training,2889,190.9064
Training,2890,190.8839
Training,2891,190.9092
Training,2892,190.8781
Training,2893,190.8714
Training,2894,190.8845
Training,2895,190.8835
Training,2896,190.8837
Training,2897,190.8961
Training,2898,190.9021
Training,2899,190.8599
Training,2900,190.8998
Training,2901,190.8683
Training,2902,190.8659
Training,2903,190.862
Training,2904,190.8767
Training,2905,190.8827
Training,2906,190.8416
Training,2907,190.8504
Training,2908,190.8592
Training,2909,190.8776
Training,2910,190.8367
Training,2911,190.8505
Training,2912,190.8428
Training,2913,190.8527
Training,2914,190.8483
Training,2915,190.8432
Training,2916,190.8541
Training,2917,190.8682
Training,2918,190.8703
Training,2919,190.8444
Training,2920,190.8445
Training,2921,190.8463
Training,2922,190.8514
Training,2923,190.8669
Training,2924,190.8279
Training,2925,190.8417
Training,2926,190.8371
Training,2927,190.8303
Training,2928,190.8258
Training,2929,190.8239
Training,2930,190.831
Training,2931,190.7945
Training,2932,190.8184
Training,2933,190.8419
Training,2934,190.8506
Training,2935,190.7928
Training,2936,190.8175
Training,2937,190.8377
Training,2938,190.8025
Training,2939,190.7889
Training,2940,190.8257
Training,2941,190.79
Training,2942,190.7795
Training,2943,190.8086
Training,2944,190.7912
Training,2945,190.7914
Training,2946,190.7924
Training,2947,190.8025
Training,2948,190.8337
Training,2949,190.8007
Training,2950,190.8041
Training,2951,190.7762
Training,2952,190.7875
Training,2953,190.7805
Training,2954,190.8108
Training,2955,190.806
Training,2956,190.8023
Training,2957,190.7541
Training,2958,190.8001
Training,2959,190.7897
Training,2960,190.7809
Training,2961,190.786
Training,2962,190.7907
Training,2963,190.7826
Training,2964,190.7778
Training,2965,190.7731
Training,2966,190.7742
Training,2967,190.7889
Training,2968,190.7575
Training,2969,190.7614
Training,2970,190.7576
Training,2971,190.7777
Training,2972,190.7551
Training,2973,190.7754
Training,2974,190.7615
Training,2975,190.7399
Training,2976,190.7299
Training,2977,190.7377
Training,2978,190.7523
Training,2979,190.7416
Training,2980,190.7404
Training,2981,190.7468
Training,2982,190.7572
Training,2983,190.7662
Training,2984,190.7285
Training,2985,190.7333
Training,2986,190.7149
Training,2987,190.7356
Training,2988,190.7392
Training,2989,190.742
Training,2990,190.7613
Training,2991,190.7132
Training,2992,190.7028
Training,2993,190.7387
Training,2994,190.7432
Training,2995,190.7377
Training,2996,190.7227
Training,2997,190.7267
Training,2998,190.7427
Training,2999,190.7367
Training,3000,190.7186
Training,3001,190.6881
Training,3002,190.7021
Training,3003,190.7184
Training,3004,190.7036
Training,3005,190.729
Training,3006,190.7265
Training,3007,190.7116
Training,3008,190.7227
Training,3009,190.6875
Training,3010,190.7097
Training,3011,190.6966
Training,3012,190.6811
Training,3013,190.7084
Training,3014,190.7154
Training,3015,190.7122
Training,3016,190.6946
Training,3017,190.6747
Training,3018,190.6993
Training,3019,190.6747
Training,3020,190.703
Training,3021,190.7074
Training,3022,190.705
Training,3023,190.6778
Training,3024,190.6826
Training,3025,190.6579
Training,3026,190.6785
Training,3027,190.68
Training,3028,190.6868
Training,3029,190.6464
Training,3030,190.677
Training,3031,190.6893
Training,3032,190.681
Training,3033,190.6993
Training,3034,190.6605
Training,3035,190.6502
Training,3036,190.6534
Training,3037,190.6613
Training,3038,190.654
Training,3039,190.6818
Training,3040,190.6826
Training,3041,190.6658
Training,3042,190.6546
Training,3043,190.627
Training,3044,190.6694
Training,3045,190.6488
Training,3046,190.6576
Training,3047,190.647
Training,3048,190.6401
Training,3049,190.6513
Training,3050,190.6512
Training,3051,190.6466
Training,3052,190.6514
Training,3053,190.6334
Training,3054,190.6321
Training,3055,190.6488
Training,3056,190.632
Training,3057,190.6749
Training,3058,190.6325
Training,3059,190.658
Training,3060,190.6495
Training,3061,190.609
Training,3062,190.6348
Training,3063,190.6029
Training,3064,190.6246
Training,3065,190.6313
Training,3066,190.6198
Training,3067,190.6503
Training,3068,190.6383
Training,3069,190.6119
Training,3070,190.6413
Training,3071,190.6338
Training,3072,190.6315
Training,3073,190.6251
Training,3074,190.6326
Training,3075,190.5972
Training,3076,190.6022
Training,3077,190.6355
Training,3078,190.6161
Training,3079,190.641
Training,3080,190.5957
Training,3081,190.6195
Training,3082,190.5802
Training,3083,190.6048
Training,3084,190.5908
Training,3085,190.594
Training,3086,190.5985
Training,3087,190.587
Training,3088,190.5841
Training,3089,190.5808
Training,3090,190.5909
Training,3091,190.594
Training,3092,190.612
Training,3093,190.5964
Training,3094,190.5966
Training,3095,190.5934
Training,3096,190.5876
Training,3097,190.5982
Training,3098,190.5669
Training,3099,190.5824
Training,3100,190.6094
Training,3101,190.5742
Training,3102,190.5877
Training,3103,190.5644
Training,3104,190.5505
Training,3105,190.5649
Training,3106,190.5586
Training,3107,190.5632
Training,3108,190.5584
Training,3109,190.5701
Training,3110,190.5801
Training,3111,190.5608
Training,3112,190.5675
Training,3113,190.5722
Training,3114,190.5571
Training,3115,190.5628
Training,3116,190.5411
Training,3117,190.5244
Training,3118,190.5288
Training,3119,190.5424
Training,3120,190.5509
Training,3121,190.5412
Training,3122,190.549
Training,3123,190.542
Training,3124,190.5423
Training,3125,190.5455
Training,3126,190.5434
Training,3127,190.5319
Training,3128,190.5412
Training,3129,190.5126
Training,3130,190.5392
Training,3131,190.531
Training,3132,190.5425
Training,3133,190.5466
Training,3134,190.5616
Training,3135,190.5561
Training,3136,190.5217
Training,3137,190.533
Training,3138,190.5227
Training,3139,190.521
Training,3140,190.5421
Training,3141,190.5433
Training,3142,190.5339
Training,3143,190.5213
Training,3144,190.5041
Training,3145,190.5112
Training,3146,190.5226
Training,3147,190.5069
Training,3148,190.5148
Training,3149,190.533
Training,3150,190.515
Training,3151,190.4865
Training,3152,190.4942
Training,3153,190.5057
Training,3154,190.5001
Training,3155,190.5281
Training,3156,190.4929
Training,3157,190.4885
Training,3158,190.4915
Training,3159,190.5009
Training,3160,190.4986
Training,3161,190.4768
Training,3162,190.4748
Training,3163,190.4988
Training,3164,190.4652
Training,3165,190.4855
Training,3166,190.5049
Training,3167,190.4763
Training,3168,190.4881
Training,3169,190.4679
Training,3170,190.4975
Training,3171,190.4575
Training,3172,190.4769
Training,3173,190.4954
Training,3174,190.4896
Training,3175,190.4581
Training,3176,190.4792
Training,3177,190.4825
Training,3178,190.4686
Training,3179,190.4778
Training,3180,190.462
Training,3181,190.5047
Training,3182,190.4585
Training,3183,190.4638
Training,3184,190.4677
Training,3185,190.451
Training,3186,190.4462
Training,3187,190.4647
Training,3188,190.4428
Training,3189,190.4737
Training,3190,190.4496
Training,3191,190.4626
Training,3192,190.4595
Training,3193,190.4418
Training,3194,190.4399
Training,3195,190.4495
Training,3196,190.4435
Training,3197,190.4584
Training,3198,190.4477
Training,3199,190.4382
Training,3200,190.4179
Training,3201,190.4588
Training,3202,190.4484
Training,3203,190.4285
Training,3204,190.4539
Training,3205,190.4217
Training,3206,190.4295
Training,3207,190.4058
Training,3208,190.439
Training,3209,190.425
Training,3210,190.4324
Training,3211,190.4093
Training,3212,190.4248
Training,3213,190.4074
Training,3214,190.4217
Training,3215,190.3973
Training,3216,190.4218
Training,3217,190.4037
Training,3218,190.4114
Training,3219,190.3998
Training,3220,190.4145
Training,3221,190.4128
Training,3222,190.4114
Training,3223,190.4091
Training,3224,190.4144
Training,3225,190.4078
Training,3226,190.3996
Training,3227,190.4198
Training,3228,190.3997
Training,3229,190.414
Training,3230,190.4038
Training,3231,190.4282
Training,3232,190.3816
Training,3233,190.396
Training,3234,190.3906
Training,3235,190.3907
Training,3236,190.3754
Training,3237,190.3847
Training,3238,190.3715
Training,3239,190.3834
Training,3240,190.383
Training,3241,190.3798
Training,3242,190.3673
Training,3243,190.3927
Training,3244,190.3797
Training,3245,190.3668
Training,3246,190.3978
Training,3247,190.3459
Training,3248,190.3879
Training,3249,190.3874
Training,3250,190.3792
Training,3251,190.3779
Training,3252,190.3727
Training,3253,190.3799
Training,3254,190.368
Training,3255,190.3647
Training,3256,190.371
Training,3257,190.3644
Training,3258,190.3669
Training,3259,190.3844
Training,3260,190.3461
Training,3261,190.3517
Training,3262,190.3652
Training,3263,190.3667
Training,3264,190.3402
Training,3265,190.339
Training,3266,190.3442
Training,3267,190.326
Training,3268,190.361
Training,3269,190.3704
Training,3270,190.322
Training,3271,190.3564
Training,3272,190.3499
Training,3273,190.3497
Training,3274,190.3341
Training,3275,190.3338
Training,3276,190.3307
Training,3277,190.3279
Training,3278,190.3775
Training,3279,190.3478
Training,3280,190.312
Training,3281,190.3315
Training,3282,190.3392
Training,3283,190.317
Training,3284,190.3203
Training,3285,190.3268
Training,3286,190.3154
Training,3287,190.3403
Training,3288,190.3207
Training,3289,190.3217
Training,3290,190.3126
Training,3291,190.3376
Training,3292,190.3123
Training,3293,190.3051
Training,3294,190.3128
Training,3295,190.3091
Training,3296,190.3299
Training,3297,190.3207
Training,3298,190.3209
Training,3299,190.3195
Training,3300,190.3081
Training,3301,190.3219
Training,3302,190.3135
Training,3303,190.3059
Training,3304,190.28
Training,3305,190.315
Training,3306,190.3036
Training,3307,190.2843
Training,3308,190.287
Training,3309,190.3091
Training,3310,190.2796
Training,3311,190.2645
Training,3312,190.3085
Training,3313,190.2907
Training,3314,190.2706
Training,3315,190.2839
Training,3316,190.3119
Training,3317,190.2959
Training,3318,190.3192
Training,3319,190.2985
Training,3320,190.283
Training,3321,190.2959
Training,3322,190.2507
Training,3323,190.2594
Training,3324,190.2644
Training,3325,190.278
Training,3326,190.2801
Training,3327,190.2509
Training,3328,190.2709
Training,3329,190.2782
Training,3330,190.2741
Training,3331,190.2671
Training,3332,190.2923
Training,3333,190.2702
Training,3334,190.235
Training,3335,190.2639
Training,3336,190.2707
Training,3337,190.273
Training,3338,190.2549
Training,3339,190.2641
Training,3340,190.2554
Training,3341,190.2491
Training,3342,190.2322
Training,3343,190.2711
Training,3344,190.2479
Training,3345,190.261
Training,3346,190.2285
Training,3347,190.2666
Training,3348,190.2471
Training,3349,190.2574
Training,3350,190.2577
Training,3351,190.2527
Training,3352,190.2448
Training,3353,190.2517
Training,3354,190.2322
Training,3355,190.2296
Training,3356,190.245
Training,3357,190.235
Training,3358,190.2672
Training,3359,190.2235
Training,3360,190.2336
Training,3361,190.2095
Training,3362,190.2215
Training,3363,190.218
Training,3364,190.2207
Training,3365,190.222
Training,3366,190.2206
Training,3367,190.2238
Training,3368,190.2025
Training,3369,190.2096
Training,3370,190.2135
Training,3371,190.2047
Training,3372,190.2039
Training,3373,190.2027
Training,3374,190.2324
Training,3375,190.1945
Training,3376,190.2273
Training,3377,190.218
Training,3378,190.2109
Training,3379,190.2255
Training,3380,190.2268
Training,3381,190.1912
Training,3382,190.2274
Training,3383,190.1878
Training,3384,190.2203
Training,3385,190.2159
Training,3386,190.1975
Training,3387,190.2129
Training,3388,190.2085
Training,3389,190.221
Training,3390,190.2134
Training,3391,190.1824
Training,3392,190.2069
Training,3393,190.1841
Training,3394,190.2054
Training,3395,190.1641
Training,3396,190.2022
Training,3397,190.1866
Training,3398,190.1934
Training,3399,190.2166
Training,3400,190.1633
Training,3401,190.1881
Training,3402,190.1796
Training,3403,190.1926
Training,3404,190.1782
Training,3405,190.1766
Training,3406,190.171
Training,3407,190.1721
Training,3408,190.1611
Training,3409,190.1851
Training,3410,190.1741
Training,3411,190.1548
Training,3412,190.192
Training,3413,190.158
Training,3414,190.1479
Training,3415,190.1791
Training,3416,190.1574
Training,3417,190.1661
Training,3418,190.151
Training,3419,190.1661
Training,3420,190.1386
Training,3421,190.1728
Training,3422,190.1641
Training,3423,190.1334
Training,3424,190.1477
Training,3425,190.1546
Training,3426,190.1653
Training,3427,190.1547
Training,3428,190.1527
Training,3429,190.1584
Training,3430,190.1206
Training,3431,190.1741
Training,3432,190.1218
Training,3433,190.1263
Training,3434,190.1543
Training,3435,190.1365
Training,3436,190.129
Training,3437,190.1592
Training,3438,190.1239
Training,3439,190.1321
Training,3440,190.1462
Training,3441,190.1162
Training,3442,190.1349
Training,3443,190.1179
Training,3444,190.1295
Training,3445,190.1042
Training,3446,190.1215
Training,3447,190.1274
Training,3448,190.1463
Training,3449,190.1231
Training,3450,190.1221
Training,3451,190.1254
Training,3452,190.1151
Training,3453,190.1096
Training,3454,190.1438
Training,3455,190.1302
Training,3456,190.1205
Training,3457,190.117
Training,3458,190.1208
Training,3459,190.1232
Training,3460,190.1139
Training,3461,190.1139
Training,3462,190.1003
Training,3463,190.1055
Training,3464,190.1093
Training,3465,190.0956
Training,3466,190.1001
Training,3467,190.1042
Training,3468,190.0876
Training,3469,190.1106
Training,3470,190.0981
Training,3471,190.0652
Training,3472,190.0782
Training,3473,190.0727
Training,3474,190.0904
Training,3475,190.0822
Training,3476,190.0789
Training,3477,190.1015
Training,3478,190.1
Training,3479,190.0765
Training,3480,190.1082
Training,3481,190.088
Training,3482,190.0612
Training,3483,190.1061
Training,3484,190.0666
Training,3485,190.0948
Training,3486,190.0947
Training,3487,190.0499
Training,3488,190.0715
Training,3489,190.0431
Training,3490,190.0585
Training,3491,190.0739
Training,3492,190.0697
Training,3493,190.0747
Training,3494,190.0609
Training,3495,190.07
Training,3496,190.0447
Training,3497,190.0619
Training,3498,190.0875
Training,3499,190.08
Training,3500,190.025
Training,3501,190.0551
Training,3502,190.0754
Training,3503,190.0729
Training,3504,190.0401
Training,3505,190.0338
Training,3506,190.0518
Training,3507,190.0777
Training,3508,190.0874
Training,3509,190.0858
Training,3510,190.0592
Training,3511,190.0287
Training,3512,190.0432
Training,3513,190.0381
Training,3514,190.0466
Training,3515,190.0598
Training,3516,190.0542
Training,3517,190.043
Training,3518,190.0394
Training,3519,190.0486
Training,3520,190.0411
Training,3521,190.0306
Training,3522,190.0565
Training,3523,190.0419
Training,3524,190.0295
Training,3525,190.0311
Training,3526,190.032
Training,3527,190.017
Training,3528,190.0205
Training,3529,190.0592
Training,3530,190.0522
Training,3531,190.0123
Training,3532,190.0191
Training,3533,190.0011
Training,3534,190.0274
Training,3535,190.0247
Training,3536,190.0173
Training,3537,190.0343
Training,3538,190.0279
Training,3539,190.0267
Training,3540,190.0314
Training,3541,189.9938
Training,3542,190.0147
Training,3543,190.0169
Training,3544,190.0258
Training,3545,190.0043
Training,3546,190.0201
Training,3547,190.0015
Training,3548,189.9891
Training,3549,190.0052
Training,3550,189.9967
Training,3551,190.0027
Training,3552,190.0057
Training,3553,190.0152
Training,3554,190.017
Training,3555,190.0241
Training,3556,189.9946
Training,3557,189.989
Training,3558,190.0165
Training,3559,189.9848
Training,3560,189.9752
Training,3561,189.9805
Training,3562,189.9776
Training,3563,189.981
Training,3564,189.982
Training,3565,190.0006
Training,3566,189.9732
Training,3567,189.988
Training,3568,189.9855
Training,3569,189.9875
Training,3570,189.9773
Training,3571,189.9946
Training,3572,189.9878
Training,3573,189.9673
Training,3574,189.992
Training,3575,189.966
Training,3576,189.9822
Training,3577,189.9624
Training,3578,189.9693
Training,3579,189.9835
Training,3580,189.9554
Training,3581,189.9704
Training,3582,189.9453
Training,3583,189.9606
Training,3584,189.9722
Training,3585,189.9339
Training,3586,189.9557
Training,3587,189.973
Training,3588,189.9698
Training,3589,189.9576
Training,3590,189.9592
Training,3591,189.9503
Training,3592,189.9723
Training,3593,189.9394
Training,3594,189.9631
Training,3595,189.9404
Training,3596,189.9492
Training,3597,189.9373
Training,3598,189.947
Training,3599,189.9285
Training,3600,189.965
Training,3601,189.919
Training,3602,189.9367
Training,3603,189.9423
Training,3604,189.9543
Training,3605,189.9367
Training,3606,189.9517
Training,3607,189.9402
Training,3608,189.924
Training,3609,189.9276
Training,3610,189.9407
Training,3611,189.939
Training,3612,189.9219
Training,3613,189.926
Training,3614,189.9657
Training,3615,189.9408
Training,3616,189.9368
Training,3617,189.9221
Training,3618,189.9257
Training,3619,189.9225
Training,3620,189.9204
Training,3621,189.92
Training,3622,189.918
Training,3623,189.9116
Training,3624,189.9161
Training,3625,189.8987
Training,3626,189.9286
Training,3627,189.9076
Training,3628,189.9291
Training,3629,189.9163
Training,3630,189.8889
Training,3631,189.9235
Training,3632,189.9024
Training,3633,189.9001
Training,3634,189.9092
Training,3635,189.9106
Training,3636,189.8931
Training,3637,189.8827
Training,3638,189.93
Training,3639,189.898
Training,3640,189.8877
Training,3641,189.9154
Training,3642,189.8834
Training,3643,189.9171
Training,3644,189.891
Training,3645,189.8837
Training,3646,189.865
Training,3647,189.8754
Training,3648,189.9049
Training,3649,189.8753
Training,3650,189.8945
Training,3651,189.8999
Training,3652,189.8667
Training,3653,189.8968
Training,3654,189.8693
Training,3655,189.8827
Training,3656,189.8968
Training,3657,189.8833
Training,3658,189.8804
Training,3659,189.8594
Training,3660,189.876
Training,3661,189.873
Training,3662,189.8826
Training,3663,189.8723
Training,3664,189.9001
Training,3665,189.8771
Training,3666,189.863
Training,3667,189.8785
Training,3668,189.8483
Training,3669,189.8692
Training,3670,189.8551
Training,3671,189.8704
Training,3672,189.8774
Training,3673,189.8717
Training,3674,189.8634
Training,3675,189.829
Training,3676,189.8921
Training,3677,189.8779
Training,3678,189.8669
Training,3679,189.8586
Training,3680,189.8494
Training,3681,189.8726
Training,3682,189.8704
Training,3683,189.8274
Training,3684,189.8386
Training,3685,189.8636
Training,3686,189.8394
Training,3687,189.8243
Training,3688,189.8468
Training,3689,189.8435
Training,3690,189.8377
Training,3691,189.8319
Training,3692,189.8255
Training,3693,189.8605
Training,3694,189.854
Training,3695,189.8369
Training,3696,189.8519
Training,3697,189.811
Training,3698,189.8475
Training,3699,189.8112
Training,3700,189.8523
Training,3701,189.8308
Training,3702,189.8307
Training,3703,189.8256
Training,3704,189.8244
Training,3705,189.8294
Training,3706,189.8172
Training,3707,189.8025
Training,3708,189.8435
Training,3709,189.7978
Training,3710,189.8267
Training,3711,189.7996
Training,3712,189.8024
Training,3713,189.8194
Training,3714,189.8097
Training,3715,189.7971
Training,3716,189.8277
Training,3717,189.8232
Training,3718,189.8125
Training,3719,189.7955
Training,3720,189.8127
Training,3721,189.816
Training,3722,189.8144
Training,3723,189.8035
Training,3724,189.7996
Training,3725,189.7828
Training,3726,189.8439
Training,3727,189.7925
Training,3728,189.8065
Training,3729,189.7739
Training,3730,189.8099
Training,3731,189.7981
Training,3732,189.8175
Training,3733,189.7769
Training,3734,189.7907
Training,3735,189.7864
Training,3736,189.8113
Training,3737,189.8008
Training,3738,189.7547
Training,3739,189.799
Training,3740,189.7664
Training,3741,189.7873
Training,3742,189.7726
Training,3743,189.8005
Training,3744,189.7903
Training,3745,189.7997
Training,3746,189.7839
Training,3747,189.794
Training,3748,189.7683
Training,3749,189.7841
Training,3750,189.7808
Training,3751,189.7746
Training,3752,189.7778
Training,3753,189.7687
Training,3754,189.7937
Training,3755,189.7567
Training,3756,189.774
Training,3757,189.7831
Training,3758,189.7837
Training,3759,189.7705
Training,3760,189.773
Training,3761,189.7545
Training,3762,189.7778
Training,3763,189.7738
Training,3764,189.7733
Training,3765,189.7574
Training,3766,189.7816
Training,3767,189.7417
Training,3768,189.7292
Training,3769,189.7602
Training,3770,189.7644
Training,3771,189.7666
Training,3772,189.7504
Training,3773,189.7736
Training,3774,189.745
Training,3775,189.7704
Training,3776,189.7177
Training,3777,189.7516
Training,3778,189.7412
Training,3779,189.7357
Training,3780,189.7515
Training,3781,189.7482
Training,3782,189.7496
Training,3783,189.729
Training,3784,189.7142
Training,3785,189.7306
Training,3786,189.7307
Training,3787,189.7329
Training,3788,189.7433
Training,3789,189.7182
Training,3790,189.7516
Training,3791,189.7294
Training,3792,189.7184
Training,3793,189.7212
Training,3794,189.7086
Training,3795,189.7426
Training,3796,189.7318
Training,3797,189.743
Training,3798,189.7199
Training,3799,189.7115
Training,3800,189.7112
Training,3801,189.7421
Training,3802,189.6988
Training,3803,189.681
Training,3804,189.6991
Training,3805,189.7262
Training,3806,189.7331
Training,3807,189.7245
Training,3808,189.7039
Training,3809,189.6954
Training,3810,189.7111
Training,3811,189.7366
Training,0,282.0408
Training,50,281.9082
Training,100,264.6844
Training,150,252.0443
Training,200,248.4144
Training,250,247.5064
Training,300,244.3044
Training,350,241.4363
Training,400,238.5438
Training,450,236.6988
Training,500,230.5652
Training,550,227.8641
Training,600,225.2243
Training,650,222.8963
Training,700,222.1837
Training,750,222.2461
Training,800,219.2253
Training,850,218.9447
Training,900,218.8795
Training,950,216.9296
Training,1000,217.143
Training,1050,215.5737
Training,1100,215.6954
Training,1150,216.5691
Training,1200,215.8347
Training,1250,214.7269
Training,1300,216.4145
Training,1350,215.6144
Training,1400,215.4269
Training,1450,213.8188
Training,1500,214.2085
Training,1550,214.578
Training,1600,214.5673
Training,1650,213.7721
Training,1700,214.167
Training,1750,213.6197
Training,1800,213.0104
Training,1850,213.0938
Training,1900,212.8708
Training,1950,213.7557
Training,2000,213.9188
Training,2050,213.5988
Training,2100,213.8494
Training,2150,213.7603
Training,2200,213.6468
Training,2250,214.0629
Training,2300,213.2161
Training,2350,212.2464
Training,2400,213.0021
Training,2450,212.7848
Training,2500,212.9044
Training,2550,213.1204
Training,2600,213.3093
Training,2650,213.1877
Training,2700,212.9506
Training,2750,213.6536
Training,2800,212.9609
Training,2850,212.6569
Training,2900,214.2408
Training,2950,212.5427
Training,3000,213.8869
Training,3050,212.8813
Training,3100,212.6722
Training,3150,212.9146
Training,3200,213.8513
Training,3250,213.1334
Training,3300,212.8717
Training,3350,212.9245
Training,3400,212.9593
Training,3450,211.932
Training,3500,212.8958
Training,3550,213.2174
Training,3600,214.2077
Training,3650,212.7676
Training,3700,213.2752
,,
,,
,,
,,
,,
,,
,,
,,
,,
,,
,,
,,
,,
,,
,,
,,
,,
,,
,,
,,
,,
,,
,,
,,
,,
,,
,,
,,
,,
,,
,,
,,
,,
,,
,,
,,
,,
,,
,,
,,
,,
,,
,,
,,
,,
,,
,,
,,
,,
,,
,,
,,
,,
,testing,213.9188
,,
,,
,,
,,
,,
,,
,,
,,
,,
,,
,,
,,
,,
,,
,,
,,
,,
,,
,,
,,
,,
,,
,,
,,
,,
,,
,,
,,
,,
,,
,,
,,
,,
,,
,,
,,
,,
,,
,,
,,
,,
,,
,,
,,
,,
,,
,,
,,
,,
,,
,,
,,
,,
,testing,213.4374
